-- phpMyAdmin SQL Dump
-- version 4.1.12
-- http://www.phpmyadmin.net
--
-- Host: localhost
-- Generation Time: Nov 28, 2016 at 10:20 AM
-- Server version: 5.6.16
-- PHP Version: 5.5.11

SET SQL_MODE = "NO_AUTO_VALUE_ON_ZERO";
SET time_zone = "+00:00";


/*!40101 SET @OLD_CHARACTER_SET_CLIENT=@@CHARACTER_SET_CLIENT */;
/*!40101 SET @OLD_CHARACTER_SET_RESULTS=@@CHARACTER_SET_RESULTS */;
/*!40101 SET @OLD_COLLATION_CONNECTION=@@COLLATION_CONNECTION */;
/*!40101 SET NAMES utf8 */;

--
-- Database: `sidera`
--

-- --------------------------------------------------------

--
-- Table structure for table `accesos`
--

CREATE TABLE IF NOT EXISTS `accesos` (
  `id` int(11) NOT NULL AUTO_INCREMENT,
  `username` varchar(255) NOT NULL,
  `clave` varchar(255) NOT NULL,
  `ip` varchar(15) NOT NULL,
  `exito` varchar(32) NOT NULL,
  `created` datetime NOT NULL,
  `modified` datetime NOT NULL,
  PRIMARY KEY (`id`)
) ENGINE=MyISAM  DEFAULT CHARSET=latin1 AUTO_INCREMENT=544 ;

--
-- Dumping data for table `accesos`
--

INSERT INTO `accesos` (`id`, `username`, `clave`, `ip`, `exito`, `created`, `modified`) VALUES
(14, 'admin', '', '127.0.0.1', 'OK', '2014-11-12 13:57:00', '2014-11-12 13:57:00'),
(15, 'admin', '', '127.0.0.1', 'OK', '2014-11-18 09:20:29', '2014-11-18 09:20:29'),
(16, 'admin', '', '127.0.0.1', 'OK', '2014-11-19 09:15:20', '2014-11-19 09:15:20'),
(17, 'admin', '', '127.0.0.1', 'OK', '2014-11-19 09:27:12', '2014-11-19 09:27:12'),
(18, 'admin', '', '127.0.0.1', 'OK', '2014-11-19 13:42:31', '2014-11-19 13:42:31'),
(19, 'admin', '', '127.0.0.1', 'OK', '2014-11-20 12:09:35', '2014-11-20 12:09:35'),
(20, 'admin', '', '127.0.0.1', 'OK', '2014-11-25 13:39:09', '2014-11-25 13:39:09'),
(21, 'admin', '', '127.0.0.1', 'OK', '2014-11-25 13:42:48', '2014-11-25 13:42:48'),
(22, 'admin', '', '127.0.0.1', 'OK', '2014-11-26 09:15:31', '2014-11-26 09:15:31'),
(23, 'usuario', '', '127.0.0.1', 'OK', '2014-12-01 14:26:56', '2014-12-01 14:26:56'),
(24, 'admin', '', '127.0.0.1', 'OK', '2014-12-15 14:37:09', '2014-12-15 14:37:09'),
(25, 'admin', '', '127.0.0.1', 'OK', '2014-12-16 09:39:46', '2014-12-16 09:39:46'),
(26, 'admin', '', '127.0.0.1', 'OK', '2014-12-18 12:47:55', '2014-12-18 12:47:55'),
(27, 'admin', '', '127.0.0.1', 'OK', '2014-12-22 09:14:31', '2014-12-22 09:14:31'),
(28, 'admin', '', '127.0.0.1', 'OK', '2015-01-16 09:47:25', '2015-01-16 09:47:25'),
(29, 'admin', '', '127.0.0.1', 'OK', '2015-01-20 09:24:53', '2015-01-20 09:24:53'),
(30, 'admin', '', '127.0.0.1', 'OK', '2015-02-02 09:49:41', '2015-02-02 09:49:41'),
(31, 'admin', '', '127.0.0.1', 'OK', '2015-02-02 14:31:55', '2015-02-02 14:31:55'),
(32, 'admin', '', '127.0.0.1', 'OK', '2015-02-04 09:06:13', '2015-02-04 09:06:13'),
(33, 'admin', '', '127.0.0.1', 'OK', '2015-02-11 09:02:22', '2015-02-11 09:02:22'),
(34, 'admin', 'liciadmin', '127.0.0.1', 'ERROR', '2015-02-12 09:43:42', '2015-02-12 09:43:42'),
(35, 'admin', '', '127.0.0.1', 'OK', '2015-02-12 09:43:54', '2015-02-12 09:43:54'),
(36, 'admin', 'liciadmin', '127.0.0.1', 'ERROR', '2015-02-12 09:47:02', '2015-02-12 09:47:02'),
(37, 'admin', '', '127.0.0.1', 'OK', '2015-02-12 09:47:12', '2015-02-12 09:47:12'),
(38, 'user', 'user', '127.0.0.1', 'ERROR', '2015-02-12 09:49:13', '2015-02-12 09:49:13'),
(39, 'usuario', '', '127.0.0.1', 'OK', '2015-02-12 09:49:30', '2015-02-12 09:49:30'),
(40, 'admin', '', '127.0.0.1', 'OK', '2015-02-12 09:50:04', '2015-02-12 09:50:04'),
(41, 'usuario', '', '127.0.0.1', 'OK', '2015-02-12 09:51:33', '2015-02-12 09:51:33'),
(42, 'usuario', '', '127.0.0.1', 'OK', '2015-02-12 09:54:43', '2015-02-12 09:54:43'),
(43, 'admin', '', '127.0.0.1', 'OK', '2015-02-12 09:54:53', '2015-02-12 09:54:53'),
(44, 'admin', '', '127.0.0.1', 'OK', '2015-02-13 12:21:40', '2015-02-13 12:21:40'),
(45, 'admin', '', '127.0.0.1', 'OK', '2015-02-16 09:08:19', '2015-02-16 09:08:19'),
(46, 'admin', '', '127.0.0.1', 'OK', '2015-02-16 09:16:05', '2015-02-16 09:16:05'),
(47, 'admin', '', '127.0.0.1', 'OK', '2015-02-16 09:19:06', '2015-02-16 09:19:06'),
(48, 'admin', '', '127.0.0.1', 'OK', '2015-02-16 13:12:56', '2015-02-16 13:12:56'),
(49, 'admin', '', '127.0.0.1', 'OK', '2015-03-04 13:58:25', '2015-03-04 13:58:25'),
(50, 'admin', '', '127.0.0.1', 'OK', '2015-03-05 14:12:50', '2015-03-05 14:12:50'),
(51, 'admin', '', '127.0.0.1', 'OK', '2015-03-17 14:32:05', '2015-03-17 14:32:05'),
(52, 'admin', '', '127.0.0.1', 'OK', '2015-03-18 11:55:34', '2015-03-18 11:55:34'),
(53, 'admin', '', '127.0.0.1', 'OK', '2015-03-25 09:49:30', '2015-03-25 09:49:30'),
(54, 'admin', '', '127.0.0.1', 'OK', '2015-03-25 14:21:49', '2015-03-25 14:21:49'),
(55, 'admin', '', '127.0.0.1', 'OK', '2015-03-26 13:03:42', '2015-03-26 13:03:42'),
(56, 'admin', '', '127.0.0.1', 'OK', '2015-03-26 13:18:48', '2015-03-26 13:18:48'),
(57, 'admin', '', '127.0.0.1', 'OK', '2015-05-08 12:04:29', '2015-05-08 12:04:29'),
(58, 'admin', '', '127.0.0.1', 'OK', '2015-05-08 12:05:12', '2015-05-08 12:05:12'),
(59, 'admin', 'liciadmin', '127.0.0.1', 'ERROR', '2015-08-05 08:34:54', '2015-08-05 08:34:54'),
(60, 'admin', '', '127.0.0.1', 'OK', '2015-08-05 08:34:59', '2015-08-05 08:34:59'),
(61, 'admin', 'liciadmin', '127.0.0.1', 'ERROR', '2015-08-05 14:31:33', '2015-08-05 14:31:33'),
(62, 'admin', '', '127.0.0.1', 'ERROR', '2015-08-05 14:31:37', '2015-08-05 14:31:37'),
(63, 'admin', '', '127.0.0.1', 'ERROR', '2015-08-05 14:31:42', '2015-08-05 14:31:42'),
(64, 'admin', '', '127.0.0.1', 'ERROR', '2015-08-05 14:31:45', '2015-08-05 14:31:45'),
(65, 'admin', '', '127.0.0.1', 'OK', '2015-08-05 14:31:52', '2015-08-05 14:31:52'),
(66, 'admin', 'liciadmin', '127.0.0.1', 'ERROR', '2015-08-06 07:40:38', '2015-08-06 07:40:38'),
(67, 'admin', '', '127.0.0.1', 'OK', '2015-08-06 07:40:46', '2015-08-06 07:40:46'),
(68, 'admin', 'liciadmin', '127.0.0.1', 'ERROR', '2015-08-06 12:14:12', '2015-08-06 12:14:12'),
(69, 'admin', '', '127.0.0.1', 'OK', '2015-08-06 12:14:17', '2015-08-06 12:14:17'),
(70, 'admin', '', '127.0.0.1', 'OK', '2015-08-07 08:07:50', '2015-08-07 08:07:50'),
(71, 'admin', 'liciadmin', '127.0.0.1', 'ERROR', '2015-08-07 11:57:20', '2015-08-07 11:57:20'),
(72, 'admin', '', '127.0.0.1', 'OK', '2015-08-07 11:57:23', '2015-08-07 11:57:23'),
(73, 'admin', 'liciadmin', '127.0.0.1', 'ERROR', '2015-08-10 07:43:14', '2015-08-10 07:43:14'),
(74, 'admin', '', '127.0.0.1', 'OK', '2015-08-10 07:43:18', '2015-08-10 07:43:18'),
(75, 'admin', 'liciadmin', '127.0.0.1', 'ERROR', '2015-08-10 11:43:44', '2015-08-10 11:43:44'),
(76, 'admin', '', '127.0.0.1', 'OK', '2015-08-10 11:43:47', '2015-08-10 11:43:47'),
(77, 'admin', 'liciadmin', '127.0.0.1', 'ERROR', '2015-08-11 07:29:46', '2015-08-11 07:29:46'),
(78, 'admin', '', '127.0.0.1', 'OK', '2015-08-11 07:29:50', '2015-08-11 07:29:50'),
(79, 'admin', 'liciadmin', '127.0.0.1', 'ERROR', '2015-08-11 11:53:31', '2015-08-11 11:53:31'),
(80, 'admin', '', '127.0.0.1', 'OK', '2015-08-11 11:53:36', '2015-08-11 11:53:36'),
(81, 'admin', '', '127.0.0.1', 'OK', '2015-08-12 07:54:02', '2015-08-12 07:54:02'),
(82, 'admin', '', '127.0.0.1', 'OK', '2015-08-12 11:57:35', '2015-08-12 11:57:35'),
(83, 'admin', '', '127.0.0.1', 'OK', '2015-08-13 07:54:56', '2015-08-13 07:54:56'),
(84, 'admin', '', '127.0.0.1', 'OK', '2015-08-13 12:02:48', '2015-08-13 12:02:48'),
(85, 'admin', 'liciadmin', '127.0.0.1', 'ERROR', '2015-09-02 09:04:31', '2015-09-02 09:04:31'),
(86, 'admin', 'liciadminsidadmin', '127.0.0.1', 'ERROR', '2015-09-02 09:04:39', '2015-09-02 09:04:39'),
(87, 'admin', 'sidamin', '127.0.0.1', 'ERROR', '2015-09-02 09:04:46', '2015-09-02 09:04:46'),
(88, 'admin', 'adin', '127.0.0.1', 'ERROR', '2015-09-02 09:04:50', '2015-09-02 09:04:50'),
(89, 'admin', '', '127.0.0.1', 'OK', '2015-09-02 09:04:54', '2015-09-02 09:04:54'),
(90, 'admin', 'liciadmin', '127.0.0.1', 'ERROR', '2015-09-02 13:30:09', '2015-09-02 13:30:09'),
(91, 'admin', '', '127.0.0.1', 'OK', '2015-09-02 13:30:12', '2015-09-02 13:30:12'),
(92, 'admin', 'liciadmin', '127.0.0.1', 'ERROR', '2015-09-04 09:09:10', '2015-09-04 09:09:10'),
(93, 'admin', '', '127.0.0.1', 'OK', '2015-09-04 09:09:13', '2015-09-04 09:09:13'),
(94, 'admin', '', '127.0.0.1', 'OK', '2015-09-04 13:48:04', '2015-09-04 13:48:04'),
(95, 'admin', '', '127.0.0.1', 'OK', '2015-09-18 13:03:23', '2015-09-18 13:03:23'),
(96, 'admin', 'liciadmin', '127.0.0.1', 'ERROR', '2015-09-29 09:51:54', '2015-09-29 09:51:54'),
(97, 'admin', '', '127.0.0.1', 'OK', '2015-09-29 09:51:59', '2015-09-29 09:51:59'),
(98, 'admin', 'liciadmin', '127.0.0.1', 'ERROR', '2015-09-29 14:18:26', '2015-09-29 14:18:26'),
(99, 'admin', '', '127.0.0.1', 'OK', '2015-09-29 14:18:31', '2015-09-29 14:18:31'),
(100, 'admin', 'liciadmin', '127.0.0.1', 'ERROR', '2015-09-29 16:50:05', '2015-09-29 16:50:05'),
(101, 'admin', '', '127.0.0.1', 'OK', '2015-09-29 16:50:10', '2015-09-29 16:50:10'),
(102, 'admin', 'liciadmin', '127.0.0.1', 'ERROR', '2015-09-30 09:16:15', '2015-09-30 09:16:15'),
(103, 'admin', '', '127.0.0.1', 'OK', '2015-09-30 09:16:20', '2015-09-30 09:16:20'),
(104, 'admin', 'liciadmin', '127.0.0.1', 'ERROR', '2015-09-30 13:22:03', '2015-09-30 13:22:03'),
(105, 'admin', 'ADMIN', '127.0.0.1', 'ERROR', '2015-09-30 13:22:16', '2015-09-30 13:22:16'),
(106, 'admin', 'ADMIN', '127.0.0.1', 'ERROR', '2015-09-30 13:22:21', '2015-09-30 13:22:21'),
(107, 'admin', 'ADMIN', '127.0.0.1', 'ERROR', '2015-09-30 13:22:28', '2015-09-30 13:22:28'),
(108, 'admin', 'ADMIN', '127.0.0.1', 'ERROR', '2015-09-30 13:22:38', '2015-09-30 13:22:38'),
(109, 'admin', 'DESADMIN', '127.0.0.1', 'ERROR', '2015-09-30 13:22:53', '2015-09-30 13:22:53'),
(110, 'admin', '', '127.0.0.1', 'OK', '2015-09-30 13:23:09', '2015-09-30 13:23:09'),
(111, 'admin', '', '127.0.0.1', 'OK', '2015-10-02 08:52:51', '2015-10-02 08:52:51'),
(112, 'admin', '', '127.0.0.1', 'OK', '2015-10-02 12:51:08', '2015-10-02 12:51:08'),
(113, 'admin', '', '127.0.0.1', 'OK', '2015-10-05 09:01:12', '2015-10-05 09:01:12'),
(114, 'admin', '', '127.0.0.1', 'OK', '2015-10-05 13:08:35', '2015-10-05 13:08:35'),
(115, 'admin', '', '127.0.0.1', 'OK', '2015-10-05 13:37:34', '2015-10-05 13:37:34'),
(116, 'admin', '', '127.0.0.1', 'OK', '2015-10-05 13:38:17', '2015-10-05 13:38:17'),
(117, 'admin', '', '127.0.0.1', 'OK', '2015-10-05 14:51:42', '2015-10-05 14:51:42'),
(118, 'admin', '', '127.0.0.1', 'OK', '2015-10-06 08:50:33', '2015-10-06 08:50:33'),
(119, 'admin', '', '127.0.0.1', 'OK', '2015-10-06 12:55:25', '2015-10-06 12:55:25'),
(120, 'admin', '', '127.0.0.1', 'OK', '2015-10-06 16:59:44', '2015-10-06 16:59:44'),
(121, 'admin', 'liciadmin', '127.0.0.1', 'ERROR', '2015-10-07 08:54:01', '2015-10-07 08:54:01'),
(122, 'admin', '', '127.0.0.1', 'OK', '2015-10-07 08:54:43', '2015-10-07 08:54:43'),
(123, 'admin', '', '127.0.0.1', 'OK', '2015-10-07 13:05:52', '2015-10-07 13:05:52'),
(124, 'admin', '', '127.0.0.1', 'OK', '2015-10-07 17:20:34', '2015-10-07 17:20:34'),
(125, 'admin', '', '127.0.0.1', 'OK', '2015-10-08 09:21:51', '2015-10-08 09:21:51'),
(126, 'admin', '', '127.0.0.1', 'OK', '2015-10-14 08:18:12', '2015-10-14 08:18:12'),
(127, 'admin', 'liciadmin', '127.0.0.1', 'ERROR', '2015-10-14 14:43:35', '2015-10-14 14:43:35'),
(128, 'admin', 'liciadmin', '127.0.0.1', 'ERROR', '2015-10-14 14:45:18', '2015-10-14 14:45:18'),
(129, 'admin', 'liciadmin', '127.0.0.1', 'ERROR', '2015-10-14 14:45:21', '2015-10-14 14:45:21'),
(130, 'admin', '', '127.0.0.1', 'OK', '2015-10-14 14:45:28', '2015-10-14 14:45:28'),
(131, 'admin', 'admion', '127.0.0.1', 'ERROR', '2015-10-14 18:51:20', '2015-10-14 18:51:20'),
(132, 'admin', 'admion', '127.0.0.1', 'ERROR', '2015-10-14 18:51:31', '2015-10-14 18:51:31'),
(133, 'admin', '', '127.0.0.1', 'OK', '2015-10-14 18:51:42', '2015-10-14 18:51:42'),
(134, 'admin', '', '127.0.0.1', 'OK', '2015-10-15 09:00:54', '2015-10-15 09:00:54'),
(135, 'admin', '', '127.0.0.1', 'OK', '2015-10-15 13:41:17', '2015-10-15 13:41:17'),
(1, 'admin', '', '172.20.103.230', 'OK', '2013-11-21 09:43:55', '2013-11-21 09:43:55'),
(2, 'admin', '', '127.0.0.1', 'OK', '2013-12-03 09:32:28', '2013-12-03 09:32:28'),
(3, 'admin', '', '172.20.103.230', 'OK', '2014-11-18 08:50:23', '2014-11-18 08:50:23'),
(4, 'admin', '', '172.20.103.230', 'OK', '2015-02-27 07:47:34', '2015-02-27 07:47:34'),
(5, 'admin', '', '172.20.103.230', 'OK', '2015-02-27 07:50:44', '2015-02-27 07:50:44'),
(6, 'admin', '', '172.20.103.230', 'OK', '2015-02-27 07:51:07', '2015-02-27 07:51:07'),
(7, 'admin', '', '172.20.103.230', 'OK', '2015-02-27 07:51:24', '2015-02-27 07:51:24'),
(8, 'admin', '', '172.20.103.230', 'OK', '2015-02-27 07:53:40', '2015-02-27 07:53:40'),
(9, 'admin', '', '127.0.0.1', 'OK', '2015-04-15 13:25:46', '2015-04-15 13:25:46'),
(10, 'admin', '', '127.0.0.1', 'OK', '2015-04-15 14:53:21', '2015-04-15 14:53:21'),
(11, 'admin', '', '127.0.0.1', 'OK', '2015-05-14 15:03:50', '2015-05-14 15:03:50'),
(12, 'admin', '', '127.0.0.1', 'OK', '2015-05-14 15:05:00', '2015-05-14 15:05:00'),
(13, 'admin', '', '127.0.0.1', 'OK', '2015-05-14 15:10:27', '2015-05-14 15:10:27'),
(136, 'admin', 'liciadmin', '127.0.0.1', 'ERROR', '2015-10-16 09:27:10', '2015-10-16 09:27:10'),
(137, 'admin', '', '127.0.0.1', 'OK', '2015-10-16 09:27:15', '2015-10-16 09:27:15'),
(138, 'admin', '', '127.0.0.1', 'OK', '2015-10-19 12:44:01', '2015-10-19 12:44:01'),
(139, 'admin', 'liciadmin', '127.0.0.1', 'ERROR', '2015-10-20 13:04:45', '2015-10-20 13:04:45'),
(140, 'admin', '', '127.0.0.1', 'OK', '2015-10-20 13:05:18', '2015-10-20 13:05:18'),
(141, 'admin', '', '127.0.0.1', 'OK', '2015-10-21 10:06:33', '2015-10-21 10:06:33'),
(142, 'admin', '', '127.0.0.1', 'OK', '2015-10-22 12:51:57', '2015-10-22 12:51:57'),
(143, 'admin', '', '127.0.0.1', 'OK', '2015-11-13 11:29:45', '2015-11-13 11:29:45'),
(144, 'admin', '', '127.0.0.1', 'OK', '2015-11-13 11:33:50', '2015-11-13 11:33:50'),
(145, 'admin', '', '127.0.0.1', 'OK', '2015-12-03 09:15:23', '2015-12-03 09:15:23'),
(146, 'admin', 'liciadmin', '127.0.0.1', 'ERROR', '2015-12-03 12:08:33', '2015-12-03 12:08:33'),
(147, 'admin', '', '127.0.0.1', 'OK', '2015-12-03 12:08:37', '2015-12-03 12:08:37'),
(148, 'admin', 'liciadmin', '127.0.0.1', 'ERROR', '2016-02-09 13:41:50', '2016-02-09 13:41:50'),
(149, 'admin', '', '127.0.0.1', 'OK', '2016-02-09 13:41:54', '2016-02-09 13:41:54'),
(150, 'admin', 'liciadmin', '127.0.0.1', 'ERROR', '2016-02-19 09:11:35', '2016-02-19 09:11:35'),
(151, 'admin', '', '127.0.0.1', 'OK', '2016-02-19 09:11:41', '2016-02-19 09:11:41'),
(152, 'admin', 'liciadmin', '127.0.0.1', 'ERROR', '2016-05-23 12:01:42', '2016-05-23 12:01:42'),
(153, 'admin', '', '127.0.0.1', 'OK', '2016-05-23 12:01:50', '2016-05-23 12:01:50'),
(154, 'admin', 'liciadmin', '127.0.0.1', 'ERROR', '2016-08-10 13:09:17', '2016-08-10 13:09:17'),
(155, 'admin', '', '127.0.0.1', 'OK', '2016-08-10 13:09:22', '2016-08-10 13:09:22'),
(156, 'admin', '', '127.0.0.1', 'OK', '2016-08-11 08:48:58', '2016-08-11 08:48:58'),
(157, 'admin', 'liciadmin', '127.0.0.1', 'ERROR', '2016-08-11 12:50:10', '2016-08-11 12:50:10'),
(158, 'admin', '', '127.0.0.1', 'OK', '2016-08-11 12:50:16', '2016-08-11 12:50:16'),
(159, 'admin', 'liciadmin', '127.0.0.1', 'ERROR', '2016-09-14 11:14:17', '2016-09-14 11:14:17'),
(160, 'admin', '', '127.0.0.1', 'OK', '2016-09-14 11:14:24', '2016-09-14 11:14:24'),
(161, 'admin', '', '127.0.0.1', 'OK', '2016-10-13 09:15:58', '2016-10-13 09:15:58'),
(162, 'admin', 'liciadmin', '127.0.0.1', 'ERROR', '2016-10-13 13:37:28', '2016-10-13 13:37:28'),
(163, 'admin', 'liciadmin', '127.0.0.1', 'ERROR', '2016-10-13 13:38:26', '2016-10-13 13:38:26'),
(164, 'admin', 'admi', '127.0.0.1', 'ERROR', '2016-10-13 13:38:31', '2016-10-13 13:38:31'),
(165, 'admin', '', '127.0.0.1', 'OK', '2016-10-13 13:38:35', '2016-10-13 13:38:35'),
(166, 'admin', '', '127.0.0.1', 'OK', '2016-10-14 08:56:13', '2016-10-14 08:56:13'),
(167, 'admin', 'liciadmin', '127.0.0.1', 'ERROR', '2016-10-14 13:02:12', '2016-10-14 13:02:12'),
(168, 'admin', '', '127.0.0.1', 'OK', '2016-10-14 13:02:16', '2016-10-14 13:02:16'),
(169, 'admin', 'liciadmin', '127.0.0.1', 'ERROR', '2016-10-17 08:52:38', '2016-10-17 08:52:38'),
(170, 'admin', '', '127.0.0.1', 'OK', '2016-10-17 09:15:39', '2016-10-17 09:15:39'),
(171, 'admin', '', '127.0.0.1', 'OK', '2016-10-17 09:58:38', '2016-10-17 09:58:38'),
(172, 'admin', '', '127.0.0.1', 'OK', '2016-10-17 12:54:40', '2016-10-17 12:54:40'),
(173, 'admin', '', '127.0.0.1', 'OK', '2016-10-17 12:57:55', '2016-10-17 12:57:55'),
(174, 'admin', '', '127.0.0.1', 'OK', '2016-10-17 14:31:33', '2016-10-17 14:31:33'),
(175, 'admin', '', '127.0.0.1', 'OK', '2016-10-17 14:33:27', '2016-10-17 14:33:27'),
(176, 'admin', '', '127.0.0.1', 'OK', '2016-10-17 17:33:54', '2016-10-17 17:33:54'),
(177, 'admin', '', '127.0.0.1', 'OK', '2016-10-18 09:01:59', '2016-10-18 09:01:59'),
(178, 'admin', '', '127.0.0.1', 'OK', '2016-10-18 09:13:37', '2016-10-18 09:13:37'),
(179, 'admin', '', '127.0.0.1', 'OK', '2016-10-18 13:15:40', '2016-10-18 13:15:40'),
(180, 'admin', '', '127.0.0.1', 'OK', '2016-10-18 14:41:37', '2016-10-18 14:41:37'),
(181, 'admin', '', '127.0.0.1', 'OK', '2016-10-19 07:17:15', '2016-10-19 07:17:15'),
(182, 'admin', '', '127.0.0.1', 'OK', '2016-10-19 07:30:17', '2016-10-19 07:30:17'),
(183, 'admin', '', '127.0.0.1', 'OK', '2016-10-19 07:33:09', '2016-10-19 07:33:09'),
(184, 'admin', '', '127.0.0.1', 'OK', '2016-10-19 07:37:13', '2016-10-19 07:37:13'),
(185, 'admin', '', '127.0.0.1', 'OK', '2016-10-19 07:38:14', '2016-10-19 07:38:14'),
(186, 'admin', '', '127.0.0.1', 'OK', '2016-10-19 07:38:29', '2016-10-19 07:38:29'),
(187, 'admin', '', '127.0.0.1', 'OK', '2016-10-19 07:48:37', '2016-10-19 07:48:37'),
(188, 'admin', '', '127.0.0.1', 'OK', '2016-10-19 07:50:48', '2016-10-19 07:50:48'),
(189, 'admin', '', '127.0.0.1', 'OK', '2016-10-19 07:52:25', '2016-10-19 07:52:25'),
(190, 'admin', '', '127.0.0.1', 'OK', '2016-10-19 07:53:03', '2016-10-19 07:53:03'),
(191, 'admin', '', '127.0.0.1', 'OK', '2016-10-19 08:01:53', '2016-10-19 08:01:53'),
(192, 'admin', '', '127.0.0.1', 'OK', '2016-10-19 08:03:14', '2016-10-19 08:03:14'),
(193, 'admin', '', '127.0.0.1', 'OK', '2016-10-19 08:08:46', '2016-10-19 08:08:46'),
(194, 'admin', '', '127.0.0.1', 'OK', '2016-10-19 08:16:00', '2016-10-19 08:16:00'),
(195, 'admin', '', '127.0.0.1', 'OK', '2016-10-19 08:17:38', '2016-10-19 08:17:38'),
(196, 'admin', '', '127.0.0.1', 'OK', '2016-10-19 12:16:12', '2016-10-19 12:16:12'),
(197, 'admin', '', '127.0.0.1', 'OK', '2016-10-19 12:31:37', '2016-10-19 12:31:37'),
(198, 'admin', '', '127.0.0.1', 'OK', '2016-10-19 12:35:19', '2016-10-19 12:35:19'),
(199, 'admin', '', '127.0.0.1', 'OK', '2016-10-19 12:39:04', '2016-10-19 12:39:04'),
(200, 'admin', '', '127.0.0.1', 'OK', '2016-10-19 12:39:20', '2016-10-19 12:39:20'),
(201, 'admin', '', '127.0.0.1', 'OK', '2016-10-19 12:49:53', '2016-10-19 12:49:53'),
(202, 'admin', '', '127.0.0.1', 'OK', '2016-10-19 16:53:25', '2016-10-19 16:53:25'),
(203, 'admin', '', '127.0.0.1', 'OK', '2016-10-19 18:14:54', '2016-10-19 18:14:54'),
(204, 'admin', '', '127.0.0.1', 'OK', '2016-10-20 08:22:07', '2016-10-20 08:22:07'),
(205, 'admin', '', '127.0.0.1', 'OK', '2016-10-20 09:35:10', '2016-10-20 09:35:10'),
(206, 'admin', '', '127.0.0.1', 'OK', '2016-10-20 13:09:29', '2016-10-20 13:09:29'),
(207, 'admin', '', '127.0.0.1', 'OK', '2016-10-21 09:15:30', '2016-10-21 09:15:30'),
(208, 'admin', '', '127.0.0.1', 'OK', '2016-10-21 12:09:00', '2016-10-21 12:09:00'),
(209, 'admin', '', '127.0.0.1', 'OK', '2016-10-21 13:15:01', '2016-10-21 13:15:01'),
(210, 'admin', '', '127.0.0.1', 'OK', '2016-10-24 09:26:14', '2016-10-24 09:26:14'),
(211, 'admin', '', '127.0.0.1', 'OK', '2016-10-24 09:40:21', '2016-10-24 09:40:21'),
(212, 'admin', '', '127.0.0.1', 'OK', '2016-10-24 11:51:20', '2016-10-24 11:51:20'),
(213, 'admin', '', '127.0.0.1', 'OK', '2016-10-24 11:57:00', '2016-10-24 11:57:00'),
(214, 'sdfsdf', 'sdfs', '127.0.0.1', 'ERROR', '2016-10-24 12:33:59', '2016-10-24 12:33:59'),
(215, 'sdfsdf', 'sdfs', '127.0.0.1', 'ERROR', '2016-10-24 12:34:29', '2016-10-24 12:34:29'),
(216, 'fgghrh', 'rfhfg', '127.0.0.1', 'ERROR', '2016-10-24 12:54:46', '2016-10-24 12:54:46'),
(217, 'fgghrh', 'rfhfg', '127.0.0.1', 'ERROR', '2016-10-24 12:57:49', '2016-10-24 12:57:49'),
(218, 'fgghrh', 'rfhfg', '127.0.0.1', 'ERROR', '2016-10-24 12:59:14', '2016-10-24 12:59:14'),
(219, 'ertet', 'ert', '127.0.0.1', 'ERROR', '2016-10-24 12:59:23', '2016-10-24 12:59:23'),
(220, 'ertet', 'ert', '127.0.0.1', 'ERROR', '2016-10-24 12:59:34', '2016-10-24 12:59:34'),
(221, 'ertet', 'ert', '127.0.0.1', 'ERROR', '2016-10-24 13:01:41', '2016-10-24 13:01:41'),
(222, 'admin', '', '127.0.0.1', 'OK', '2016-10-24 13:01:50', '2016-10-24 13:01:50'),
(223, 'asa', 'asdad', '127.0.0.1', 'ERROR', '2016-10-24 13:05:34', '2016-10-24 13:05:34'),
(224, 'asa', 'asdad', '127.0.0.1', 'ERROR', '2016-10-24 13:07:08', '2016-10-24 13:07:08'),
(225, 'asa', 'asdad', '127.0.0.1', 'ERROR', '2016-10-24 13:12:58', '2016-10-24 13:12:58'),
(226, 'ewe', 'werw', '127.0.0.1', 'ERROR', '2016-10-24 13:13:34', '2016-10-24 13:13:34'),
(227, 'admin', '', '127.0.0.1', 'OK', '2016-10-24 13:14:03', '2016-10-24 13:14:03'),
(228, 'sfs', '', '127.0.0.1', 'ERROR', '2016-10-24 13:15:31', '2016-10-24 13:15:31'),
(229, 'sfs', '', '127.0.0.1', 'ERROR', '2016-10-24 13:15:43', '2016-10-24 13:15:43'),
(230, 'sfs', '', '127.0.0.1', 'ERROR', '2016-10-24 13:17:20', '2016-10-24 13:17:20'),
(231, 'sfs', '', '127.0.0.1', 'ERROR', '2016-10-24 13:18:09', '2016-10-24 13:18:09'),
(232, 'sfs', '', '127.0.0.1', 'ERROR', '2016-10-24 13:18:48', '2016-10-24 13:18:48'),
(233, '', 'jkl', '127.0.0.1', 'ERROR', '2016-10-24 13:20:33', '2016-10-24 13:20:33'),
(234, 'vbcb', '', '127.0.0.1', 'ERROR', '2016-10-24 13:40:29', '2016-10-24 13:40:29'),
(235, 'vbcb', '', '127.0.0.1', 'ERROR', '2016-10-24 13:40:48', '2016-10-24 13:40:48'),
(236, '', '', '127.0.0.1', 'ERROR', '2016-10-24 13:41:11', '2016-10-24 13:41:11'),
(237, '', '', '127.0.0.1', 'ERROR', '2016-10-24 13:42:25', '2016-10-24 13:42:25'),
(238, 'adm', '', '127.0.0.1', 'ERROR', '2016-10-24 13:45:51', '2016-10-24 13:45:51'),
(239, '', '', '127.0.0.1', 'ERROR', '2016-10-24 13:46:12', '2016-10-24 13:46:12'),
(240, 'admin', '', '127.0.0.1', 'OK', '2016-10-24 13:46:22', '2016-10-24 13:46:22'),
(241, 'admin', '', '127.0.0.1', 'OK', '2016-10-24 13:46:50', '2016-10-24 13:46:50'),
(242, 'asd', '', '127.0.0.1', 'ERROR', '2016-10-24 13:47:26', '2016-10-24 13:47:26'),
(243, '', '', '127.0.0.1', 'ERROR', '2016-10-24 13:48:17', '2016-10-24 13:48:17'),
(244, 'admin', '', '127.0.0.1', 'OK', '2016-10-24 13:48:27', '2016-10-24 13:48:27'),
(245, 'admin', '', '127.0.0.1', 'OK', '2016-10-24 13:49:13', '2016-10-24 13:49:13'),
(246, 'admin', '', '127.0.0.1', 'OK', '2016-10-24 14:13:56', '2016-10-24 14:13:56'),
(247, 'asd', '', '127.0.0.1', 'ERROR', '2016-10-24 14:20:21', '2016-10-24 14:20:21'),
(248, 'asd', '', '127.0.0.1', 'ERROR', '2016-10-24 14:22:06', '2016-10-24 14:22:06'),
(249, 'asd', '', '127.0.0.1', 'ERROR', '2016-10-24 14:22:54', '2016-10-24 14:22:54'),
(250, 'admin', '', '127.0.0.1', 'OK', '2016-10-24 14:23:22', '2016-10-24 14:23:22'),
(251, '', '', '127.0.0.1', 'ERROR', '2016-10-24 14:36:27', '2016-10-24 14:36:27'),
(252, '', '', '127.0.0.1', 'ERROR', '2016-10-24 14:39:02', '2016-10-24 14:39:02'),
(253, '', '', '127.0.0.1', 'ERROR', '2016-10-24 14:40:42', '2016-10-24 14:40:42'),
(254, '', '', '127.0.0.1', 'ERROR', '2016-10-24 14:41:24', '2016-10-24 14:41:24'),
(255, '', '', '127.0.0.1', 'ERROR', '2016-10-24 14:42:52', '2016-10-24 14:42:52'),
(256, 'admin', '', '127.0.0.1', 'OK', '2016-10-24 14:54:07', '2016-10-24 14:54:07'),
(257, 'admin', '', '127.0.0.1', 'ERROR', '2016-10-24 14:59:31', '2016-10-24 14:59:31'),
(258, '', 'admin', '127.0.0.1', 'ERROR', '2016-10-24 14:59:36', '2016-10-24 14:59:36'),
(259, '', '', '127.0.0.1', 'ERROR', '2016-10-24 14:59:40', '2016-10-24 14:59:40'),
(260, 'admin', '', '127.0.0.1', 'OK', '2016-10-24 14:59:42', '2016-10-24 14:59:42'),
(261, 'admin', '', '127.0.0.1', 'OK', '2016-10-25 08:45:31', '2016-10-25 08:45:31'),
(262, 'admin', '', '127.0.0.1', 'OK', '2016-10-25 11:36:28', '2016-10-25 11:36:28'),
(263, 'admin', '', '127.0.0.1', 'OK', '2016-10-25 15:38:44', '2016-10-25 15:38:44'),
(264, 'admin', '', '127.0.0.1', 'OK', '2016-10-25 16:35:45', '2016-10-25 16:35:45'),
(265, '', '', '127.0.0.1', 'ERROR', '2016-10-25 16:43:16', '2016-10-25 16:43:16'),
(266, '', '', '127.0.0.1', 'ERROR', '2016-10-25 16:47:01', '2016-10-25 16:47:01'),
(267, '', '', '127.0.0.1', 'ERROR', '2016-10-25 16:48:53', '2016-10-25 16:48:53'),
(268, 'admin', '', '127.0.0.1', 'OK', '2016-10-25 16:48:56', '2016-10-25 16:48:56'),
(269, 'admin', '', '127.0.0.1', 'OK', '2016-10-25 16:50:27', '2016-10-25 16:50:27'),
(270, 'admin', '', '127.0.0.1', 'OK', '2016-10-25 17:06:13', '2016-10-25 17:06:13'),
(271, 'admin', '', '127.0.0.1', 'OK', '2016-10-25 17:08:50', '2016-10-25 17:08:50'),
(272, 'admin', '', '127.0.0.1', 'OK', '2016-10-25 17:49:47', '2016-10-25 17:49:47'),
(273, 'admin', '', '127.0.0.1', 'OK', '2016-10-25 17:52:06', '2016-10-25 17:52:06'),
(274, 'admin', '', '127.0.0.1', 'OK', '2016-10-26 08:49:47', '2016-10-26 08:49:47'),
(275, 'admin', '', '127.0.0.1', 'OK', '2016-10-26 12:56:15', '2016-10-26 12:56:15'),
(276, 'admin', '', '127.0.0.1', 'ERROR', '2016-10-27 08:38:07', '2016-10-27 08:38:07'),
(277, 'admin', '', '127.0.0.1', 'OK', '2016-10-27 08:42:21', '2016-10-27 08:42:21'),
(278, 'admin', '', '127.0.0.1', 'OK', '2016-10-27 12:42:41', '2016-10-27 12:42:41'),
(279, 'admin', '', '127.0.0.1', 'OK', '2016-10-27 15:08:14', '2016-10-27 15:08:14'),
(280, 'admin', '', '127.0.0.1', 'OK', '2016-10-28 08:46:00', '2016-10-28 08:46:00'),
(281, 'admin', '', '127.0.0.1', 'OK', '2016-10-28 12:53:56', '2016-10-28 12:53:56'),
(282, 'admin', '', '127.0.0.1', 'OK', '2016-10-28 13:56:21', '2016-10-28 13:56:21'),
(283, 'admin', '', '127.0.0.1', 'OK', '2016-10-28 13:56:37', '2016-10-28 13:56:37'),
(284, 'admin', '', '127.0.0.1', 'OK', '2016-10-28 15:07:09', '2016-10-28 15:07:09'),
(285, 'admin', '', '127.0.0.1', 'OK', '2016-10-28 15:07:46', '2016-10-28 15:07:46'),
(286, 'admin', 'usuario', '127.0.0.1', 'ERROR', '2016-10-28 15:14:10', '2016-10-28 15:14:10'),
(287, 'admin', '', '127.0.0.1', 'OK', '2016-10-28 15:14:17', '2016-10-28 15:14:17'),
(288, 'admin', '', '127.0.0.1', 'OK', '2016-10-31 08:34:06', '2016-10-31 08:34:06'),
(289, 'admin', '', '127.0.0.1', 'OK', '2016-10-31 08:53:26', '2016-10-31 08:53:26'),
(290, 'admin', '', '127.0.0.1', 'OK', '2016-10-31 11:37:52', '2016-10-31 11:37:52'),
(291, 'admin', '', '127.0.0.1', 'OK', '2016-10-31 11:38:48', '2016-10-31 11:38:48'),
(292, 'admin', '', '127.0.0.1', 'OK', '2016-10-31 13:59:08', '2016-10-31 13:59:08'),
(293, '', '', '127.0.0.1', 'ERROR', '2016-11-02 08:54:41', '2016-11-02 08:54:41'),
(294, 'admin', '', '127.0.0.1', 'OK', '2016-11-02 09:17:09', '2016-11-02 09:17:09'),
(295, 'admin', '', '127.0.0.1', 'OK', '2016-11-02 09:44:44', '2016-11-02 09:44:44'),
(296, 'admin', '', '127.0.0.1', 'OK', '2016-11-02 09:54:20', '2016-11-02 09:54:20'),
(297, 'admin', '', '127.0.0.1', 'OK', '2016-11-02 09:59:43', '2016-11-02 09:59:43'),
(298, 'admin', '', '127.0.0.1', 'OK', '2016-11-02 12:14:58', '2016-11-02 12:14:58'),
(299, 'admin', '', '127.0.0.1', 'OK', '2016-11-02 16:16:32', '2016-11-02 16:16:32'),
(300, 'admin', '', '127.0.0.1', 'OK', '2016-11-02 17:22:25', '2016-11-02 17:22:25'),
(301, 'admin', '', '127.0.0.1', 'OK', '2016-11-02 17:22:50', '2016-11-02 17:22:50'),
(302, 'admin', '', '127.0.0.1', 'OK', '2016-11-02 17:23:29', '2016-11-02 17:23:29'),
(303, 'admin', '', '127.0.0.1', 'OK', '2016-11-03 08:57:52', '2016-11-03 08:57:52'),
(304, 'admin', '', '127.0.0.1', 'OK', '2016-11-03 12:59:18', '2016-11-03 12:59:18'),
(305, 'admin', '', '127.0.0.1', 'OK', '2016-11-03 15:05:25', '2016-11-03 15:05:25'),
(306, 'admin', '', '127.0.0.1', 'OK', '2016-11-04 07:55:37', '2016-11-04 07:55:37'),
(307, 'admin', '', '127.0.0.1', 'OK', '2016-11-04 12:10:01', '2016-11-04 12:10:01'),
(308, 'admin', '', '127.0.0.1', 'OK', '2016-11-04 12:16:10', '2016-11-04 12:16:10'),
(309, 'admin', '', '127.0.0.1', 'OK', '2016-11-04 12:18:39', '2016-11-04 12:18:39'),
(310, 'admin', '', '127.0.0.1', 'OK', '2016-11-07 09:15:03', '2016-11-07 09:15:03'),
(311, 'admin', '', '127.0.0.1', 'OK', '2016-11-07 11:44:12', '2016-11-07 11:44:12'),
(312, 'admin', '', '127.0.0.1', 'OK', '2016-11-07 11:44:41', '2016-11-07 11:44:41'),
(313, 'admin', '', '127.0.0.1', 'OK', '2016-11-07 12:00:56', '2016-11-07 12:00:56'),
(314, 'admin', '', '127.0.0.1', 'OK', '2016-11-07 12:12:42', '2016-11-07 12:12:42'),
(315, 'admin', '', '127.0.0.1', 'OK', '2016-11-07 12:25:54', '2016-11-07 12:25:54'),
(316, 'admin', '', '127.0.0.1', 'OK', '2016-11-07 12:26:33', '2016-11-07 12:26:33'),
(317, 'admin', '', '127.0.0.1', 'OK', '2016-11-07 12:45:00', '2016-11-07 12:45:00'),
(318, 'admin', '', '127.0.0.1', 'OK', '2016-11-07 12:46:02', '2016-11-07 12:46:02'),
(319, 'admin', '', '127.0.0.1', 'OK', '2016-11-07 12:47:05', '2016-11-07 12:47:05'),
(320, 'sdfgd', '', '127.0.0.1', 'ERROR', '2016-11-07 12:47:16', '2016-11-07 12:47:16'),
(321, 'asd', '', '127.0.0.1', 'ERROR', '2016-11-07 12:47:59', '2016-11-07 12:47:59'),
(322, 'asda', '', '127.0.0.1', 'ERROR', '2016-11-07 12:56:34', '2016-11-07 12:56:34'),
(323, 'asd', '', '127.0.0.1', 'ERROR', '2016-11-07 13:02:25', '2016-11-07 13:02:25'),
(324, 'admin', '', '127.0.0.1', 'OK', '2016-11-07 13:02:35', '2016-11-07 13:02:35'),
(325, 'asda', '', '127.0.0.1', 'OK', '2016-11-07 13:40:17', '2016-11-07 13:40:17'),
(326, 'admin', '', '127.0.0.1', 'OK', '2016-11-07 13:40:32', '2016-11-07 13:40:32'),
(327, 'admin', '', '127.0.0.1', 'OK', '2016-11-07 13:40:59', '2016-11-07 13:40:59'),
(328, 'admin', '', '127.0.0.1', 'OK', '2016-11-08 09:09:10', '2016-11-08 09:09:10'),
(329, 'admin', '', '127.0.0.1', 'OK', '2016-11-08 13:37:05', '2016-11-08 13:37:05'),
(330, 'admin', '', '127.0.0.1', 'OK', '2016-11-08 17:39:12', '2016-11-08 17:39:12'),
(331, 'admin', '', '127.0.0.1', 'OK', '2016-11-08 18:34:06', '2016-11-08 18:34:06'),
(332, 'admin', '', '127.0.0.1', 'OK', '2016-11-09 09:06:11', '2016-11-09 09:06:11'),
(333, 'admin', '', '127.0.0.1', 'OK', '2016-11-09 09:07:35', '2016-11-09 09:07:35'),
(334, 'admin', '', '127.0.0.1', 'OK', '2016-11-09 12:26:43', '2016-11-09 12:26:43'),
(335, 'admin', '', '127.0.0.1', 'OK', '2016-11-09 15:36:48', '2016-11-09 15:36:48'),
(336, 'admin', '', '127.0.0.1', 'OK', '2016-11-09 16:33:02', '2016-11-09 16:33:02'),
(337, 'admin', '', '127.0.0.1', 'OK', '2016-11-09 16:49:29', '2016-11-09 16:49:29'),
(338, 'admin', '', '127.0.0.1', 'OK', '2016-11-09 16:50:21', '2016-11-09 16:50:21'),
(339, 'admin', '', '127.0.0.1', 'OK', '2016-11-09 16:50:36', '2016-11-09 16:50:36'),
(340, 'admin', '', '127.0.0.1', 'OK', '2016-11-09 16:51:11', '2016-11-09 16:51:11'),
(341, 'admin', '', '127.0.0.1', 'OK', '2016-11-09 16:53:05', '2016-11-09 16:53:05'),
(342, 'admin', '', '127.0.0.1', 'OK', '2016-11-09 16:53:53', '2016-11-09 16:53:53'),
(343, 'admin', '', '127.0.0.1', 'OK', '2016-11-09 16:54:17', '2016-11-09 16:54:17'),
(344, 'admin', '', '127.0.0.1', 'OK', '2016-11-09 16:54:38', '2016-11-09 16:54:38'),
(345, 'admin', '', '127.0.0.1', 'OK', '2016-11-09 16:55:36', '2016-11-09 16:55:36'),
(346, 'admin', '', '127.0.0.1', 'OK', '2016-11-09 16:55:59', '2016-11-09 16:55:59'),
(347, 'admin', '', '127.0.0.1', 'OK', '2016-11-09 16:56:13', '2016-11-09 16:56:13'),
(348, 'admin', '', '127.0.0.1', 'OK', '2016-11-09 16:56:42', '2016-11-09 16:56:42'),
(349, 'admin', '', '127.0.0.1', 'OK', '2016-11-09 16:56:51', '2016-11-09 16:56:51'),
(350, 'admin', '', '127.0.0.1', 'OK', '2016-11-09 16:57:36', '2016-11-09 16:57:36'),
(351, 'admin', '', '127.0.0.1', 'OK', '2016-11-09 16:57:43', '2016-11-09 16:57:43'),
(352, 'admin', '', '127.0.0.1', 'OK', '2016-11-09 16:58:04', '2016-11-09 16:58:04'),
(353, 'admin', '', '127.0.0.1', 'ERROR', '2016-11-09 16:58:12', '2016-11-09 16:58:12'),
(354, '', '', '127.0.0.1', 'ERROR', '2016-11-09 16:58:13', '2016-11-09 16:58:13'),
(355, 'admin', '', '127.0.0.1', 'OK', '2016-11-09 16:58:17', '2016-11-09 16:58:17'),
(356, 'admin', '', '127.0.0.1', 'OK', '2016-11-09 16:58:41', '2016-11-09 16:58:41'),
(357, 'admin', '', '127.0.0.1', 'OK', '2016-11-09 16:58:49', '2016-11-09 16:58:49'),
(358, 'admin', '', '127.0.0.1', 'OK', '2016-11-09 16:59:52', '2016-11-09 16:59:52'),
(359, 'admin', '', '127.0.0.1', 'OK', '2016-11-09 16:59:58', '2016-11-09 16:59:58'),
(360, 'admin', '', '127.0.0.1', 'OK', '2016-11-09 17:01:12', '2016-11-09 17:01:12'),
(361, 'admin', '', '127.0.0.1', 'OK', '2016-11-09 17:01:19', '2016-11-09 17:01:19'),
(362, 'admin', '', '127.0.0.1', 'OK', '2016-11-09 17:04:11', '2016-11-09 17:04:11'),
(363, 'admin', '', '127.0.0.1', 'OK', '2016-11-09 17:04:41', '2016-11-09 17:04:41'),
(364, 'admin', '', '127.0.0.1', 'OK', '2016-11-09 17:05:15', '2016-11-09 17:05:15'),
(365, 'admin', '', '127.0.0.1', 'OK', '2016-11-09 17:05:43', '2016-11-09 17:05:43'),
(366, 'admin', '', '127.0.0.1', 'OK', '2016-11-09 17:06:00', '2016-11-09 17:06:00'),
(367, 'admin', '', '127.0.0.1', 'OK', '2016-11-09 17:06:13', '2016-11-09 17:06:13'),
(368, 'admin', '', '127.0.0.1', 'OK', '2016-11-09 17:09:05', '2016-11-09 17:09:05'),
(369, 'admin', '', '127.0.0.1', 'OK', '2016-11-09 17:09:21', '2016-11-09 17:09:21'),
(370, 'admin', '', '127.0.0.1', 'OK', '2016-11-09 17:11:46', '2016-11-09 17:11:46'),
(371, 'admin', '', '127.0.0.1', 'OK', '2016-11-09 17:13:07', '2016-11-09 17:13:07'),
(372, 'admin', '', '127.0.0.1', 'OK', '2016-11-09 17:13:18', '2016-11-09 17:13:18'),
(373, 'admin', '', '127.0.0.1', 'OK', '2016-11-09 17:13:25', '2016-11-09 17:13:25'),
(374, 'admin', '', '127.0.0.1', 'OK', '2016-11-09 17:13:36', '2016-11-09 17:13:36'),
(375, 'admin', '', '127.0.0.1', 'OK', '2016-11-09 17:14:13', '2016-11-09 17:14:13'),
(376, 'admin', '', '127.0.0.1', 'OK', '2016-11-09 17:15:42', '2016-11-09 17:15:42'),
(377, 'admin', '', '127.0.0.1', 'OK', '2016-11-09 17:15:52', '2016-11-09 17:15:52'),
(378, 'admin', '', '127.0.0.1', 'OK', '2016-11-09 17:16:16', '2016-11-09 17:16:16'),
(379, 'admin', '', '127.0.0.1', 'OK', '2016-11-09 17:16:42', '2016-11-09 17:16:42'),
(380, 'admin', '', '127.0.0.1', 'OK', '2016-11-09 17:16:59', '2016-11-09 17:16:59'),
(381, 'admin', '', '127.0.0.1', 'OK', '2016-11-09 17:17:17', '2016-11-09 17:17:17'),
(382, 'admin', '', '127.0.0.1', 'OK', '2016-11-09 17:17:22', '2016-11-09 17:17:22'),
(383, 'a', '', '127.0.0.1', 'ERROR', '2016-11-09 17:17:35', '2016-11-09 17:17:35'),
(384, 'admin', '', '127.0.0.1', 'OK', '2016-11-09 17:17:41', '2016-11-09 17:17:41'),
(385, '', '', '127.0.0.1', 'ERROR', '2016-11-09 17:17:47', '2016-11-09 17:17:47'),
(386, 'admin', '', '127.0.0.1', 'OK', '2016-11-09 17:17:52', '2016-11-09 17:17:52'),
(387, 'admin', '', '127.0.0.1', 'OK', '2016-11-09 17:18:17', '2016-11-09 17:18:17'),
(388, 'admin', '', '127.0.0.1', 'OK', '2016-11-09 17:18:22', '2016-11-09 17:18:22'),
(389, 'admin', '', '127.0.0.1', 'ERROR', '2016-11-09 17:18:29', '2016-11-09 17:18:29'),
(390, '', '', '127.0.0.1', 'ERROR', '2016-11-09 17:18:30', '2016-11-09 17:18:30'),
(391, 'admin', '', '127.0.0.1', 'OK', '2016-11-09 17:18:35', '2016-11-09 17:18:35'),
(392, '', '', '127.0.0.1', 'ERROR', '2016-11-09 17:18:43', '2016-11-09 17:18:43'),
(393, 'admin', '', '127.0.0.1', 'OK', '2016-11-09 17:18:48', '2016-11-09 17:18:48'),
(394, 'admin', '', '127.0.0.1', 'ERROR', '2016-11-09 17:19:28', '2016-11-09 17:19:28'),
(395, '', '', '127.0.0.1', 'ERROR', '2016-11-09 17:19:29', '2016-11-09 17:19:29'),
(396, '', '', '127.0.0.1', 'ERROR', '2016-11-09 17:19:32', '2016-11-09 17:19:32'),
(397, 'admin', '', '127.0.0.1', 'OK', '2016-11-09 17:19:55', '2016-11-09 17:19:55'),
(398, 'admin', '', '127.0.0.1', 'OK', '2016-11-09 17:20:12', '2016-11-09 17:20:12'),
(399, 'admin', '', '127.0.0.1', 'OK', '2016-11-09 17:20:18', '2016-11-09 17:20:18'),
(400, 'admin', '', '127.0.0.1', 'OK', '2016-11-09 17:20:31', '2016-11-09 17:20:31'),
(401, 'admin', '', '127.0.0.1', 'OK', '2016-11-09 17:22:57', '2016-11-09 17:22:57'),
(402, 'admin', '', '127.0.0.1', 'OK', '2016-11-09 17:24:26', '2016-11-09 17:24:26'),
(403, 'admin', '', '127.0.0.1', 'OK', '2016-11-09 17:24:37', '2016-11-09 17:24:37'),
(404, 'admin', '', '127.0.0.1', 'OK', '2016-11-09 17:24:55', '2016-11-09 17:24:55'),
(405, 'admin', '', '127.0.0.1', 'OK', '2016-11-09 17:25:55', '2016-11-09 17:25:55'),
(406, 'admin', '', '127.0.0.1', 'OK', '2016-11-09 17:32:42', '2016-11-09 17:32:42'),
(407, 'admin', '', '127.0.0.1', 'OK', '2016-11-09 17:33:27', '2016-11-09 17:33:27'),
(408, 'admin', '', '127.0.0.1', 'OK', '2016-11-09 17:33:33', '2016-11-09 17:33:33'),
(409, 'admin', '', '127.0.0.1', 'OK', '2016-11-09 19:17:05', '2016-11-09 19:17:05'),
(410, 'admin', '', '127.0.0.1', 'OK', '2016-11-10 09:16:45', '2016-11-10 09:16:45'),
(411, 'admin', '', '127.0.0.1', 'OK', '2016-11-10 09:22:37', '2016-11-10 09:22:37'),
(412, 'admin', '', '127.0.0.1', 'OK', '2016-11-10 09:23:02', '2016-11-10 09:23:02'),
(413, 'admin', '', '127.0.0.1', 'OK', '2016-11-10 09:43:16', '2016-11-10 09:43:16'),
(414, 'admin', '', '127.0.0.1', 'OK', '2016-11-10 09:48:07', '2016-11-10 09:48:07'),
(415, 'admin', '', '127.0.0.1', 'OK', '2016-11-10 09:48:17', '2016-11-10 09:48:17'),
(416, 'admin', '', '127.0.0.1', 'OK', '2016-11-10 09:59:45', '2016-11-10 09:59:45'),
(417, 'admin', '', '127.0.0.1', 'OK', '2016-11-10 09:59:56', '2016-11-10 09:59:56'),
(418, 'admin', '', '127.0.0.1', 'OK', '2016-11-10 11:40:27', '2016-11-10 11:40:27'),
(419, 'admin', '', '127.0.0.1', 'OK', '2016-11-10 13:21:56', '2016-11-10 13:21:56'),
(420, 'admin', '', '127.0.0.1', 'OK', '2016-11-10 13:23:35', '2016-11-10 13:23:35'),
(421, 'dd', '', '127.0.0.1', 'ERROR', '2016-11-10 13:24:18', '2016-11-10 13:24:18'),
(422, 'admin', '', '127.0.0.1', 'OK', '2016-11-10 13:24:39', '2016-11-10 13:24:39'),
(423, 'admin', '', '127.0.0.1', 'OK', '2016-11-10 13:25:08', '2016-11-10 13:25:08'),
(424, 'admin', '', '127.0.0.1', 'OK', '2016-11-10 13:51:00', '2016-11-10 13:51:00'),
(425, 'admin', '', '127.0.0.1', 'OK', '2016-11-10 13:51:15', '2016-11-10 13:51:15'),
(426, 'admin', '', '127.0.0.1', 'OK', '2016-11-10 14:10:22', '2016-11-10 14:10:22'),
(427, 'admin', '', '127.0.0.1', 'OK', '2016-11-10 15:07:37', '2016-11-10 15:07:37'),
(428, 'admin', '', '127.0.0.1', 'OK', '2016-11-11 09:18:32', '2016-11-11 09:18:32'),
(429, 'admin', '', '127.0.0.1', 'OK', '2016-11-11 09:29:05', '2016-11-11 09:29:05'),
(430, 'admin', '', '127.0.0.1', 'OK', '2016-11-11 09:29:53', '2016-11-11 09:29:53'),
(431, 'admin', '', '127.0.0.1', 'OK', '2016-11-11 09:30:25', '2016-11-11 09:30:25'),
(432, 'admin', '', '127.0.0.1', 'OK', '2016-11-11 09:43:16', '2016-11-11 09:43:16'),
(433, 'admin', '', '127.0.0.1', 'OK', '2016-11-11 09:43:46', '2016-11-11 09:43:46'),
(434, 'admin', '', '127.0.0.1', 'OK', '2016-11-11 09:45:26', '2016-11-11 09:45:26'),
(435, 'admin', '', '127.0.0.1', 'OK', '2016-11-11 09:46:00', '2016-11-11 09:46:00'),
(436, 'admin', '', '127.0.0.1', 'OK', '2016-11-11 09:50:09', '2016-11-11 09:50:09'),
(437, 'admin', '', '127.0.0.1', 'OK', '2016-11-11 09:50:23', '2016-11-11 09:50:23'),
(438, 'admin', '', '127.0.0.1', 'OK', '2016-11-11 09:54:04', '2016-11-11 09:54:04'),
(439, 'admin', '', '127.0.0.1', 'OK', '2016-11-11 09:57:58', '2016-11-11 09:57:58'),
(440, 'admin', '', '127.0.0.1', 'OK', '2016-11-11 09:58:11', '2016-11-11 09:58:11'),
(441, 'admin', '', '127.0.0.1', 'OK', '2016-11-11 10:03:08', '2016-11-11 10:03:08'),
(442, 'admin', '', '127.0.0.1', 'OK', '2016-11-11 10:03:24', '2016-11-11 10:03:24'),
(443, 'admin', '', '127.0.0.1', 'ERROR', '2016-11-11 10:10:36', '2016-11-11 10:10:36'),
(444, '', '', '127.0.0.1', 'ERROR', '2016-11-11 10:10:37', '2016-11-11 10:10:37'),
(445, 'admin', '', '127.0.0.1', 'OK', '2016-11-11 10:10:45', '2016-11-11 10:10:45'),
(446, 'admin', '', '127.0.0.1', 'OK', '2016-11-11 10:12:26', '2016-11-11 10:12:26'),
(447, 'admin', '', '127.0.0.1', 'OK', '2016-11-11 12:12:26', '2016-11-11 12:12:26'),
(448, 'admin', '', '127.0.0.1', 'OK', '2016-11-11 12:12:32', '2016-11-11 12:12:32'),
(449, 'admin', '', '127.0.0.1', 'OK', '2016-11-11 12:12:36', '2016-11-11 12:12:36'),
(450, 'admin', '', '127.0.0.1', 'OK', '2016-11-11 12:12:51', '2016-11-11 12:12:51'),
(451, 'admin', '', '127.0.0.1', 'OK', '2016-11-11 12:12:55', '2016-11-11 12:12:55'),
(452, 'admin', '', '127.0.0.1', 'OK', '2016-11-11 12:13:00', '2016-11-11 12:13:00'),
(453, 'admin', '', '127.0.0.1', 'OK', '2016-11-11 12:13:05', '2016-11-11 12:13:05'),
(454, 'admin', '', '127.0.0.1', 'OK', '2016-11-11 12:13:10', '2016-11-11 12:13:10'),
(455, 'admin', '', '172.20.103.22', 'OK', '2016-11-11 12:17:02', '2016-11-11 12:17:02'),
(456, 'admin', '', '172.20.103.22', 'OK', '2016-11-11 12:17:12', '2016-11-11 12:17:12'),
(457, 'admin', '', '172.20.103.22', 'OK', '2016-11-11 12:17:23', '2016-11-11 12:17:23'),
(458, 'admin', '', '172.20.103.22', 'OK', '2016-11-11 12:17:32', '2016-11-11 12:17:32'),
(459, 'admin', '', '172.20.103.22', 'OK', '2016-11-11 12:17:40', '2016-11-11 12:17:40'),
(460, 'admin', '', '172.20.103.22', 'OK', '2016-11-11 12:17:49', '2016-11-11 12:17:49'),
(461, 'admin', '', '172.20.103.22', 'OK', '2016-11-11 12:17:59', '2016-11-11 12:17:59'),
(462, 'admin', '', '172.20.103.22', 'OK', '2016-11-11 12:18:09', '2016-11-11 12:18:09'),
(463, 'admin', '', '172.20.103.22', 'OK', '2016-11-11 12:18:18', '2016-11-11 12:18:18'),
(464, 'admin', '', '127.0.0.1', 'OK', '2016-11-11 12:21:00', '2016-11-11 12:21:00'),
(465, 'admin', '', '127.0.0.1', 'OK', '2016-11-11 12:24:18', '2016-11-11 12:24:18'),
(466, 'admin', '', '127.0.0.1', 'OK', '2016-11-11 12:26:48', '2016-11-11 12:26:48'),
(467, 'admin', '', '127.0.0.1', 'OK', '2016-11-11 12:32:42', '2016-11-11 12:32:42'),
(468, '', '', '127.0.0.1', 'ERROR', '2016-11-11 12:32:52', '2016-11-11 12:32:52'),
(469, 'admin', '', '127.0.0.1', 'OK', '2016-11-11 12:32:54', '2016-11-11 12:32:54'),
(470, 'admin', '', '127.0.0.1', 'OK', '2016-11-11 12:35:14', '2016-11-11 12:35:14'),
(471, 'admin', '', '127.0.0.1', 'OK', '2016-11-11 12:35:26', '2016-11-11 12:35:26'),
(472, 'admin', '', '127.0.0.1', 'OK', '2016-11-11 12:39:50', '2016-11-11 12:39:50'),
(473, 'admin', '', '127.0.0.1', 'OK', '2016-11-11 12:48:04', '2016-11-11 12:48:04'),
(474, 'admin', '', '127.0.0.1', 'OK', '2016-11-11 12:50:52', '2016-11-11 12:50:52'),
(475, 'admin', '', '127.0.0.1', 'OK', '2016-11-11 12:51:08', '2016-11-11 12:51:08'),
(476, 'admin', '', '127.0.0.1', 'OK', '2016-11-11 12:51:21', '2016-11-11 12:51:21'),
(477, 'admin', '', '127.0.0.1', 'OK', '2016-11-11 13:06:18', '2016-11-11 13:06:18'),
(478, 'admin', '', '127.0.0.1', 'OK', '2016-11-11 13:47:31', '2016-11-11 13:47:31'),
(479, 'admin', '', '127.0.0.1', 'OK', '2016-11-11 13:48:08', '2016-11-11 13:48:08'),
(480, '', '', '127.0.0.1', 'ERROR', '2016-11-11 13:48:26', '2016-11-11 13:48:26'),
(481, '', '', '127.0.0.1', 'ERROR', '2016-11-11 13:48:33', '2016-11-11 13:48:33'),
(482, '', '', '127.0.0.1', 'ERROR', '2016-11-11 13:48:52', '2016-11-11 13:48:52'),
(483, '', '', '127.0.0.1', 'ERROR', '2016-11-11 13:48:56', '2016-11-11 13:48:56'),
(484, 'admin', '', '127.0.0.1', 'OK', '2016-11-11 13:49:02', '2016-11-11 13:49:02'),
(485, 'admin', '', '127.0.0.1', 'OK', '2016-11-11 13:49:25', '2016-11-11 13:49:25'),
(486, 'admin', '', '127.0.0.1', 'OK', '2016-11-11 13:49:26', '2016-11-11 13:49:26'),
(487, 'asd', '', '127.0.0.1', 'ERROR', '2016-11-11 13:50:00', '2016-11-11 13:50:00'),
(488, 'admin', '', '127.0.0.1', 'OK', '2016-11-11 13:56:40', '2016-11-11 13:56:40'),
(489, 'admin', '', '127.0.0.1', 'OK', '2016-11-11 13:57:23', '2016-11-11 13:57:23'),
(490, 'admin', '', '127.0.0.1', 'OK', '2016-11-11 14:00:53', '2016-11-11 14:00:53'),
(491, 'admin', '', '127.0.0.1', 'OK', '2016-11-11 14:01:07', '2016-11-11 14:01:07'),
(492, 'admin', '', '127.0.0.1', 'OK', '2016-11-11 14:03:40', '2016-11-11 14:03:40'),
(493, 'admin', '', '127.0.0.1', 'OK', '2016-11-11 14:04:28', '2016-11-11 14:04:28'),
(494, 'admin', '', '127.0.0.1', 'OK', '2016-11-11 14:04:48', '2016-11-11 14:04:48'),
(495, 'admin', '', '127.0.0.1', 'OK', '2016-11-11 14:29:14', '2016-11-11 14:29:14'),
(496, 'admin', '', '127.0.0.1', 'OK', '2016-11-11 14:29:26', '2016-11-11 14:29:26'),
(497, 'admin', '', '127.0.0.1', 'OK', '2016-11-11 14:32:20', '2016-11-11 14:32:20'),
(498, 'admin', '', '127.0.0.1', 'OK', '2016-11-11 14:33:31', '2016-11-11 14:33:31'),
(499, 'admin', '', '127.0.0.1', 'OK', '2016-11-14 09:02:34', '2016-11-14 09:02:34'),
(500, 'admin', '', '127.0.0.1', 'OK', '2016-11-14 09:05:12', '2016-11-14 09:05:12'),
(501, 'admin', '', '127.0.0.1', 'OK', '2016-11-14 09:05:46', '2016-11-14 09:05:46'),
(502, 'admin', '', '127.0.0.1', 'OK', '2016-11-14 09:11:46', '2016-11-14 09:11:46'),
(503, 'admin', '', '127.0.0.1', 'OK', '2016-11-14 09:11:57', '2016-11-14 09:11:57'),
(504, 'admin', '', '127.0.0.1', 'OK', '2016-11-14 09:12:33', '2016-11-14 09:12:33'),
(505, 'admin', '', '127.0.0.1', 'OK', '2016-11-14 09:27:40', '2016-11-14 09:27:40'),
(506, 'admin', '', '127.0.0.1', 'OK', '2016-11-14 09:28:43', '2016-11-14 09:28:43'),
(507, 'admin', '', '127.0.0.1', 'OK', '2016-11-14 09:40:27', '2016-11-14 09:40:27'),
(508, 'admin', '', '127.0.0.1', 'OK', '2016-11-14 09:40:34', '2016-11-14 09:40:34'),
(509, 'admin', '', '127.0.0.1', 'OK', '2016-11-14 09:40:40', '2016-11-14 09:40:40'),
(510, 'admin', '', '127.0.0.1', 'OK', '2016-11-14 09:40:45', '2016-11-14 09:40:45'),
(511, 'admin', '', '127.0.0.1', 'OK', '2016-11-14 09:40:56', '2016-11-14 09:40:56'),
(512, 'admin', '', '127.0.0.1', 'OK', '2016-11-14 09:41:09', '2016-11-14 09:41:09'),
(513, 'admin', '', '127.0.0.1', 'OK', '2016-11-14 09:44:25', '2016-11-14 09:44:25'),
(514, 'admin', '', '127.0.0.1', 'OK', '2016-11-14 09:44:35', '2016-11-14 09:44:35'),
(515, 'admin', '', '127.0.0.1', 'OK', '2016-11-14 09:44:41', '2016-11-14 09:44:41'),
(516, 'admin', '', '127.0.0.1', 'OK', '2016-11-14 09:44:47', '2016-11-14 09:44:47'),
(517, 'coordinador', 'coordinador', '127.0.0.1', 'ERROR', '2016-11-14 09:44:52', '2016-11-14 09:44:52'),
(518, 'admin', '', '127.0.0.1', 'OK', '2016-11-14 09:44:55', '2016-11-14 09:44:55'),
(519, 'admin', '', '127.0.0.1', 'OK', '2016-11-14 09:45:30', '2016-11-14 09:45:30'),
(520, 'admin', '', '127.0.0.1', 'OK', '2016-11-14 09:45:51', '2016-11-14 09:45:51'),
(521, 'admin', '', '127.0.0.1', 'OK', '2016-11-14 09:47:51', '2016-11-14 09:47:51'),
(522, 'admin', '', '127.0.0.1', 'OK', '2016-11-14 09:48:56', '2016-11-14 09:48:56'),
(523, 'admin', '', '127.0.0.1', 'OK', '2016-11-14 09:49:02', '2016-11-14 09:49:02'),
(524, 'admin', '', '127.0.0.1', 'OK', '2016-11-14 09:49:08', '2016-11-14 09:49:08'),
(525, 'admin', '', '127.0.0.1', 'OK', '2016-11-14 09:49:14', '2016-11-14 09:49:14'),
(526, 'admin', '', '127.0.0.1', 'OK', '2016-11-14 09:49:19', '2016-11-14 09:49:19'),
(527, 'admin', '', '127.0.0.1', 'OK', '2016-11-14 09:49:25', '2016-11-14 09:49:25'),
(528, 'admin', '', '127.0.0.1', 'OK', '2016-11-14 09:49:28', '2016-11-14 09:49:28'),
(529, 'admin', '', '127.0.0.1', 'OK', '2016-11-14 09:49:31', '2016-11-14 09:49:31'),
(530, 'admin', '', '127.0.0.1', 'OK', '2016-11-14 09:49:36', '2016-11-14 09:49:36'),
(531, 'admin', '', '127.0.0.1', 'OK', '2016-11-14 09:50:19', '2016-11-14 09:50:19'),
(532, 'coordinador', 'coordinador', '127.0.0.1', 'ERROR', '2016-11-14 09:50:47', '2016-11-14 09:50:47'),
(533, 'admin', '', '127.0.0.1', 'OK', '2016-11-14 09:51:01', '2016-11-14 09:51:01'),
(534, 'admin', '', '127.0.0.1', 'OK', '2016-11-14 12:12:16', '2016-11-14 12:12:16'),
(535, 'admin', '', '127.0.0.1', 'OK', '2016-11-15 09:05:52', '2016-11-15 09:05:52'),
(536, 'admin', '', '127.0.0.1', 'OK', '2016-11-15 10:14:53', '2016-11-15 10:14:53'),
(537, 'admin', '', '127.0.0.1', 'OK', '2016-11-15 12:38:50', '2016-11-15 12:38:50'),
(538, 'admin', '', '127.0.0.1', 'OK', '2016-11-15 13:15:08', '2016-11-15 13:15:08'),
(539, 'admin', '', '127.0.0.1', 'OK', '2016-11-15 13:15:30', '2016-11-15 13:15:30'),
(540, 'admin', '', '127.0.0.1', 'OK', '2016-11-15 13:43:53', '2016-11-15 13:43:53'),
(541, 'admin', '', '127.0.0.1', 'OK', '2016-11-15 15:17:35', '2016-11-15 15:17:35'),
(542, 'admin', '', '127.0.0.1', 'OK', '2016-11-15 17:05:18', '2016-11-15 17:05:18'),
(543, 'admin', '', '127.0.0.1', 'OK', '2016-11-23 14:04:11', '2016-11-23 14:04:11');

-- --------------------------------------------------------

--
-- Table structure for table `acos`
--

CREATE TABLE IF NOT EXISTS `acos` (
  `id` int(10) NOT NULL AUTO_INCREMENT,
  `parent_id` int(10) DEFAULT NULL,
  `model` varchar(255) DEFAULT NULL,
  `foreign_key` int(10) DEFAULT NULL,
  `alias` varchar(255) DEFAULT NULL,
  `lft` int(10) DEFAULT NULL,
  `rght` int(10) DEFAULT NULL,
  PRIMARY KEY (`id`)
) ENGINE=InnoDB  DEFAULT CHARSET=latin1 AUTO_INCREMENT=2526 ;

--
-- Dumping data for table `acos`
--

INSERT INTO `acos` (`id`, `parent_id`, `model`, `foreign_key`, `alias`, `lft`, `rght`) VALUES
(1, NULL, NULL, NULL, 'controllers', 1, 3264),
(2, 1, NULL, NULL, 'Accesos', 2, 27),
(3, 2, NULL, NULL, 'index', 3, 4),
(5, 2, NULL, NULL, 'add', 5, 6),
(6, 2, NULL, NULL, 'edit', 7, 8),
(7, 2, NULL, NULL, 'delete', 9, 10),
(13, 2, NULL, NULL, 'registrosPorPagina', 11, 12),
(14, 1, NULL, NULL, 'Auditorias', 28, 55),
(15, 14, NULL, NULL, 'index', 29, 30),
(19, 14, NULL, NULL, 'edit', 31, 32),
(20, 14, NULL, NULL, 'delete', 33, 34),
(25, 14, NULL, NULL, 'registrosPorPagina', 35, 36),
(26, 14, NULL, NULL, 'getGeneralStats', 37, 38),
(35, 1, NULL, NULL, 'Configuraciones', 84, 105),
(36, 35, NULL, NULL, 'edit', 85, 86),
(37, 35, NULL, NULL, 'borrarCache', 87, 88),
(44, 1, NULL, NULL, 'Constructores', 106, 139),
(45, 44, NULL, NULL, 'index', 107, 108),
(46, 44, NULL, NULL, 'add', 109, 110),
(47, 44, NULL, NULL, 'cargar', 111, 112),
(49, 44, NULL, NULL, 'delete', 113, 114),
(52, 1, NULL, NULL, 'Consultas', 140, 171),
(53, 52, NULL, NULL, 'index', 141, 142),
(54, 52, NULL, NULL, 'lista', 143, 144),
(55, 52, NULL, NULL, 'exportar', 145, 146),
(56, 52, NULL, NULL, 'nombreTablas', 147, 148),
(57, 52, NULL, NULL, 'nombreColumnas', 149, 150),
(58, 52, NULL, NULL, 'comprobarTipoConexion', 151, 152),
(59, 52, NULL, NULL, 'obtenerTablasConsulta', 153, 154),
(60, 52, NULL, NULL, 'cargarConexion', 155, 156),
(61, 52, NULL, NULL, 'montarTablaResultado', 157, 158),
(66, 1, NULL, NULL, 'Eventos', 172, 201),
(67, 66, NULL, NULL, 'index', 173, 174),
(69, 66, NULL, NULL, 'add', 175, 176),
(70, 66, NULL, NULL, 'edit', 177, 178),
(71, 66, NULL, NULL, 'delete', 179, 180),
(77, 66, NULL, NULL, 'registrosPorPagina', 181, 182),
(78, 66, NULL, NULL, 'getEventsForDateRange', 183, 184),
(79, 66, NULL, NULL, 'getCalendar', 185, 186),
(80, 1, NULL, NULL, 'Filtros', 202, 229),
(81, 80, NULL, NULL, 'index', 203, 204),
(82, 80, NULL, NULL, 'view', 205, 206),
(83, 80, NULL, NULL, 'add', 207, 208),
(84, 80, NULL, NULL, 'edit', 209, 210),
(85, 80, NULL, NULL, 'delete', 211, 212),
(86, 80, NULL, NULL, 'filtro', 213, 214),
(87, 80, NULL, NULL, 'leerCondicionesFiltro', 215, 216),
(102, 1, NULL, NULL, 'Grupos', 260, 285),
(103, 102, NULL, NULL, 'index', 261, 262),
(105, 102, NULL, NULL, 'add', 263, 264),
(106, 102, NULL, NULL, 'edit', 265, 266),
(107, 102, NULL, NULL, 'delete', 267, 268),
(113, 102, NULL, NULL, 'registrosPorPagina', 269, 270),
(114, 1, NULL, NULL, 'Historicos', 286, 303),
(115, 114, NULL, NULL, 'index', 287, 288),
(117, 114, NULL, NULL, 'add', 289, 290),
(125, 114, NULL, NULL, 'registrosPorPagina', 291, 292),
(126, 1, NULL, NULL, 'Informes', 304, 331),
(127, 126, NULL, NULL, 'index', 305, 306),
(129, 126, NULL, NULL, 'add', 307, 308),
(130, 126, NULL, NULL, 'edit', 309, 310),
(131, 126, NULL, NULL, 'delete', 311, 312),
(136, 126, NULL, NULL, 'imprimir', 313, 314),
(137, 1, NULL, NULL, 'Informestipos', 332, 357),
(138, 137, NULL, NULL, 'index', 333, 334),
(140, 137, NULL, NULL, 'add', 335, 336),
(141, 137, NULL, NULL, 'edit', 337, 338),
(142, 137, NULL, NULL, 'delete', 339, 340),
(147, 1, NULL, NULL, 'Logmessages', 358, 377),
(148, 147, NULL, NULL, 'getErrorLogMessages', 359, 360),
(177, 1, NULL, NULL, 'Mensajes', 432, 471),
(178, 177, NULL, NULL, 'comprobarMensajesNuevos', 433, 434),
(179, 177, NULL, NULL, 'enviados', 435, 436),
(180, 177, NULL, NULL, 'recibidos', 437, 438),
(182, 177, NULL, NULL, 'add', 439, 440),
(183, 177, NULL, NULL, 'edit_enviados', 441, 442),
(184, 177, NULL, NULL, 'edit_recibidos', 443, 444),
(186, 177, NULL, NULL, 'delete', 445, 446),
(187, 177, NULL, NULL, 'filtro', 447, 448),
(192, 177, NULL, NULL, 'registrosPorPagina', 449, 450),
(193, 177, NULL, NULL, 'getLastMessages', 451, 452),
(194, 177, NULL, NULL, 'getNotReadMessagesCounter', 453, 454),
(196, 1, NULL, NULL, 'Menus', 472, 499),
(197, 196, NULL, NULL, 'index', 473, 474),
(199, 196, NULL, NULL, 'add', 475, 476),
(200, 196, NULL, NULL, 'edit', 477, 478),
(201, 196, NULL, NULL, 'delete', 479, 480),
(202, 196, NULL, NULL, 'draw', 481, 482),
(203, 196, NULL, NULL, 'registrosPorPagina', 483, 484),
(205, 1, NULL, NULL, 'Pages', 500, 517),
(206, 205, NULL, NULL, 'display', 501, 502),
(207, 205, NULL, NULL, 'maintenance', 503, 504),
(213, 1, NULL, NULL, 'Pdfs', 518, 537),
(214, 213, NULL, NULL, 'index', 519, 520),
(215, 213, NULL, NULL, 'array2table', 521, 522),
(216, 213, NULL, NULL, 'styles', 523, 524),
(221, 1, NULL, NULL, 'Permisos', 538, 577),
(222, 221, NULL, NULL, 'index', 539, 540),
(223, 221, NULL, NULL, 'add', 541, 542),
(224, 221, NULL, NULL, 'edit', 543, 544),
(225, 221, NULL, NULL, 'delete', 545, 546),
(229, 221, NULL, NULL, 'checktosync', 547, 548),
(230, 221, NULL, NULL, 'sync', 549, 550),
(247, 221, NULL, NULL, 'cleanAcosFromConstructor', 551, 552),
(252, 221, NULL, NULL, 'darPermisoDesdeConstructor', 553, 554),
(257, 1, NULL, NULL, 'Usuarios', 578, 611),
(258, 257, NULL, NULL, 'index', 579, 580),
(260, 257, NULL, NULL, 'add', 581, 582),
(261, 257, NULL, NULL, 'edit', 583, 584),
(262, 257, NULL, NULL, 'delete', 585, 586),
(267, 257, NULL, NULL, 'login', 587, 588),
(268, 257, NULL, NULL, 'logout', 589, 590),
(270, 257, NULL, NULL, 'registrosPorPagina', 591, 592),
(271, 1, NULL, NULL, 'permisosmenus', 612, 859),
(272, 271, 'Menu', 1, NULL, 613, 614),
(273, 271, 'Menu', 2, NULL, 615, 616),
(274, 271, 'Menu', 3, NULL, 617, 618),
(275, 271, 'Menu', 4, NULL, 619, 620),
(276, 271, 'Menu', 5, NULL, 621, 622),
(277, 271, 'Menu', 6, NULL, 623, 624),
(278, 271, 'Menu', 7, NULL, 625, 626),
(279, 271, 'Menu', 8, NULL, 627, 628),
(281, 271, 'Menu', 10, NULL, 631, 632),
(282, 271, 'Menu', 11, NULL, 633, 634),
(283, 271, 'Menu', 12, NULL, 635, 636),
(285, 271, 'Menu', 14, NULL, 639, 640),
(286, 271, 'Menu', 15, NULL, 641, 642),
(287, 271, 'Menu', 16, NULL, 643, 644),
(289, 271, 'Menu', 18, NULL, 647, 648),
(290, 44, NULL, NULL, 'tablasDisponibles', 115, 116),
(291, 44, NULL, NULL, 'indexMasivo', 117, 118),
(292, 2, NULL, NULL, 'create', 13, 14),
(293, 2, NULL, NULL, 'update', 15, 16),
(294, 2, NULL, NULL, 'exportarMostrar', 17, 18),
(295, 2, NULL, NULL, 'exportarEjecutar', 19, 20),
(296, 2, NULL, NULL, 'configurarModulo', 21, 22),
(297, 2, NULL, NULL, 'configurarModuloGuardar', 23, 24),
(299, 2, NULL, NULL, 'js', 25, 26),
(341, 14, NULL, NULL, 'auditar', 39, 40),
(342, 14, NULL, NULL, 'historico', 41, 42),
(343, 14, NULL, NULL, 'update', 43, 44),
(344, 14, NULL, NULL, 'exportarMostrar', 45, 46),
(345, 14, NULL, NULL, 'exportarEjecutar', 47, 48),
(346, 14, NULL, NULL, 'configurarModulo', 49, 50),
(347, 14, NULL, NULL, 'configurarModuloGuardar', 51, 52),
(349, 14, NULL, NULL, 'js', 53, 54),
(443, 35, NULL, NULL, 'js', 89, 90),
(447, 35, NULL, NULL, 'registrosPorPagina', 91, 92),
(455, 35, NULL, NULL, 'exportarEjecutar', 93, 94),
(456, 35, NULL, NULL, 'exportarMostrar', 95, 96),
(457, 35, NULL, NULL, 'configurarModulo', 97, 98),
(458, 35, NULL, NULL, 'configurarModuloGuardar', 99, 100),
(492, 44, NULL, NULL, 'js', 119, 120),
(496, 44, NULL, NULL, 'registrosPorPagina', 121, 122),
(504, 44, NULL, NULL, 'exportarEjecutar', 123, 124),
(505, 44, NULL, NULL, 'exportarMostrar', 125, 126),
(506, 44, NULL, NULL, 'configurarModulo', 127, 128),
(507, 44, NULL, NULL, 'configurarModuloGuardar', 129, 130),
(541, 52, NULL, NULL, 'js', 159, 160),
(545, 52, NULL, NULL, 'registrosPorPagina', 161, 162),
(553, 52, NULL, NULL, 'exportarEjecutar', 163, 164),
(554, 52, NULL, NULL, 'exportarMostrar', 165, 166),
(555, 52, NULL, NULL, 'configurarModulo', 167, 168),
(556, 52, NULL, NULL, 'configurarModuloGuardar', 169, 170),
(589, 66, NULL, NULL, 'create', 187, 188),
(590, 66, NULL, NULL, 'update', 189, 190),
(591, 66, NULL, NULL, 'exportarMostrar', 191, 192),
(592, 66, NULL, NULL, 'exportarEjecutar', 193, 194),
(593, 66, NULL, NULL, 'configurarModulo', 195, 196),
(594, 66, NULL, NULL, 'configurarModuloGuardar', 197, 198),
(596, 66, NULL, NULL, 'js', 199, 200),
(639, 80, NULL, NULL, 'js', 217, 218),
(643, 80, NULL, NULL, 'registrosPorPagina', 219, 220),
(650, 80, NULL, NULL, 'exportarEjecutar', 221, 222),
(651, 80, NULL, NULL, 'exportarMostrar', 223, 224),
(652, 80, NULL, NULL, 'configurarModulo', 225, 226),
(653, 80, NULL, NULL, 'configurarModuloGuardar', 227, 228),
(735, 102, NULL, NULL, 'create', 271, 272),
(736, 102, NULL, NULL, 'update', 273, 274),
(737, 102, NULL, NULL, 'exportarMostrar', 275, 276),
(738, 102, NULL, NULL, 'exportarEjecutar', 277, 278),
(739, 102, NULL, NULL, 'configurarModulo', 279, 280),
(740, 102, NULL, NULL, 'configurarModuloGuardar', 281, 282),
(742, 102, NULL, NULL, 'js', 283, 284),
(784, 114, NULL, NULL, 'exportarMostrar', 293, 294),
(785, 114, NULL, NULL, 'exportarEjecutar', 295, 296),
(786, 114, NULL, NULL, 'configurarModulo', 297, 298),
(787, 114, NULL, NULL, 'configurarModuloGuardar', 299, 300),
(789, 114, NULL, NULL, 'js', 301, 302),
(831, 126, NULL, NULL, 'create', 315, 316),
(832, 126, NULL, NULL, 'update', 317, 318),
(833, 126, NULL, NULL, 'registrosPorPagina', 319, 320),
(834, 126, NULL, NULL, 'exportarMostrar', 321, 322),
(835, 126, NULL, NULL, 'exportarEjecutar', 323, 324),
(836, 126, NULL, NULL, 'configurarModulo', 325, 326),
(837, 126, NULL, NULL, 'configurarModuloGuardar', 327, 328),
(839, 126, NULL, NULL, 'js', 329, 330),
(881, 137, NULL, NULL, 'create', 341, 342),
(882, 137, NULL, NULL, 'update', 343, 344),
(883, 137, NULL, NULL, 'registrosPorPagina', 345, 346),
(884, 137, NULL, NULL, 'exportarMostrar', 347, 348),
(885, 137, NULL, NULL, 'exportarEjecutar', 349, 350),
(886, 137, NULL, NULL, 'configurarModulo', 351, 352),
(887, 137, NULL, NULL, 'configurarModuloGuardar', 353, 354),
(889, 137, NULL, NULL, 'js', 355, 356),
(932, 147, NULL, NULL, 'js', 361, 362),
(936, 147, NULL, NULL, 'registrosPorPagina', 363, 364),
(944, 147, NULL, NULL, 'exportarEjecutar', 365, 366),
(945, 147, NULL, NULL, 'exportarMostrar', 367, 368),
(946, 147, NULL, NULL, 'configurarModulo', 369, 370),
(947, 147, NULL, NULL, 'configurarModuloGuardar', 371, 372),
(1079, 177, NULL, NULL, 'enviar', 455, 456),
(1080, 177, NULL, NULL, 'responderEnviados', 457, 458),
(1081, 177, NULL, NULL, 'responderRecibidos', 459, 460),
(1082, 177, NULL, NULL, 'exportarMostrar', 461, 462),
(1083, 177, NULL, NULL, 'exportarEjecutar', 463, 464),
(1084, 177, NULL, NULL, 'configurarModulo', 465, 466),
(1085, 177, NULL, NULL, 'configurarModuloGuardar', 467, 468),
(1087, 177, NULL, NULL, 'js', 469, 470),
(1129, 196, NULL, NULL, 'create', 485, 486),
(1130, 196, NULL, NULL, 'update', 487, 488),
(1131, 196, NULL, NULL, 'configurarModulo', 489, 490),
(1132, 196, NULL, NULL, 'configurarModuloGuardar', 491, 492),
(1134, 196, NULL, NULL, 'js', 493, 494),
(1145, 196, NULL, NULL, 'exportarEjecutar', 495, 496),
(1146, 196, NULL, NULL, 'exportarMostrar', 497, 498),
(1180, 205, NULL, NULL, 'js', 505, 506),
(1184, 205, NULL, NULL, 'registrosPorPagina', 507, 508),
(1192, 205, NULL, NULL, 'exportarEjecutar', 509, 510),
(1193, 205, NULL, NULL, 'exportarMostrar', 511, 512),
(1194, 205, NULL, NULL, 'configurarModulo', 513, 514),
(1195, 205, NULL, NULL, 'configurarModuloGuardar', 515, 516),
(1229, 213, NULL, NULL, 'js', 525, 526),
(1233, 213, NULL, NULL, 'registrosPorPagina', 527, 528),
(1241, 213, NULL, NULL, 'exportarEjecutar', 529, 530),
(1242, 213, NULL, NULL, 'exportarMostrar', 531, 532),
(1243, 213, NULL, NULL, 'configurarModulo', 533, 534),
(1244, 213, NULL, NULL, 'configurarModuloGuardar', 535, 536),
(1277, 221, NULL, NULL, 'exportarMostrar', 555, 556),
(1278, 221, NULL, NULL, 'exportarEjecutar', 557, 558),
(1280, 221, NULL, NULL, 'js', 559, 560),
(1281, 221, NULL, NULL, 'verifyAcos', 561, 562),
(1282, 221, NULL, NULL, 'recoverAcos', 563, 564),
(1284, 221, NULL, NULL, 'registrosPorPagina', 565, 566),
(1291, 221, NULL, NULL, 'configurarModulo', 567, 568),
(1292, 221, NULL, NULL, 'configurarModuloGuardar', 569, 570),
(1326, 257, NULL, NULL, 'create', 593, 594),
(1327, 257, NULL, NULL, 'update', 595, 596),
(1328, 257, NULL, NULL, 'exportarMostrar', 597, 598),
(1329, 257, NULL, NULL, 'exportarEjecutar', 599, 600),
(1330, 257, NULL, NULL, 'configurarModulo', 601, 602),
(1331, 257, NULL, NULL, 'configurarModuloGuardar', 603, 604),
(1332, 257, NULL, NULL, 'js', 605, 606),
(1374, 1, NULL, NULL, 'Combos', 860, 881),
(1375, 1374, NULL, NULL, 'crearCodigoCombosRelacionados', 861, 862),
(1376, 1374, NULL, NULL, 'cargarComboRelacionado', 863, 864),
(1377, 1374, NULL, NULL, 'cargarComboRelacionadoAvanzado', 865, 866),
(1378, 1374, NULL, NULL, 'js', 867, 868),
(1379, 1374, NULL, NULL, 'registrosPorPagina', 869, 870),
(1380, 1374, NULL, NULL, 'exportarEjecutar', 871, 872),
(1381, 1374, NULL, NULL, 'exportarMostrar', 873, 874),
(1382, 1374, NULL, NULL, 'configurarModulo', 875, 876),
(1383, 1374, NULL, NULL, 'configurarModuloGuardar', 877, 878),
(1384, 44, NULL, NULL, 'addMasivo', 131, 132),
(1385, 1, NULL, NULL, 'Instalador', 882, 899),
(1386, 1385, NULL, NULL, 'instalar', 883, 884),
(1387, 1385, NULL, NULL, 'finalizarInstalacion', 885, 886),
(1388, 1385, NULL, NULL, 'js', 887, 888),
(1389, 1385, NULL, NULL, 'registrosPorPagina', 889, 890),
(1390, 1385, NULL, NULL, 'exportarEjecutar', 891, 892),
(1391, 1385, NULL, NULL, 'exportarMostrar', 893, 894),
(1392, 1385, NULL, NULL, 'configurarModulo', 895, 896),
(1393, 1385, NULL, NULL, 'configurarModuloGuardar', 897, 898),
(1394, 221, NULL, NULL, 'resetSync', 571, 572),
(1395, 221, NULL, NULL, 'syncResourcesForController', 573, 574),
(1396, 221, NULL, NULL, 'getControllerPath', 575, 576),
(1411, 1374, NULL, NULL, 'crearCodigoComboModal', 879, 880),
(1412, 257, NULL, NULL, 'pass', 607, 608),
(1413, 257, NULL, NULL, 'updatePass', 609, 610),
(1442, 1, NULL, NULL, 'Elfinderfiles', 978, 993),
(1443, 1442, NULL, NULL, 'vista', 979, 980),
(1444, 1442, NULL, NULL, 'js', 981, 982),
(1445, 1442, NULL, NULL, 'registrosPorPagina', 983, 984),
(1446, 1442, NULL, NULL, 'exportarEjecutar', 985, 986),
(1447, 1442, NULL, NULL, 'exportarMostrar', 987, 988),
(1448, 1442, NULL, NULL, 'configurarModulo', 989, 990),
(1449, 1442, NULL, NULL, 'configurarModuloGuardar', 991, 992),
(1450, 35, NULL, NULL, 'guardarConfig', 101, 102),
(1451, 35, NULL, NULL, 'cargarConfigYML', 103, 104),
(1452, 44, NULL, NULL, 'create', 133, 134),
(1453, 147, NULL, NULL, 'mostrarLogs', 373, 374),
(1454, 147, NULL, NULL, 'borrarLogs', 375, 376),
(1485, 44, NULL, NULL, 'makeForm', 135, 136),
(1486, 44, NULL, NULL, 'guardarCambiosMakeForm', 137, 138),
(2496, 271, 'Menu', 102, NULL, 855, 856),
(2497, 1, NULL, NULL, 'Demos', 3208, 3235),
(2498, 2497, NULL, NULL, 'index', 3209, 3210),
(2499, 2497, NULL, NULL, 'add', 3211, 3212),
(2500, 2497, NULL, NULL, 'create', 3213, 3214),
(2501, 2497, NULL, NULL, 'edit', 3215, 3216),
(2502, 2497, NULL, NULL, 'update', 3217, 3218),
(2503, 2497, NULL, NULL, 'delete', 3219, 3220),
(2504, 2497, NULL, NULL, 'js', 3221, 3222),
(2505, 2497, NULL, NULL, 'obtenerDisplayfields', 3223, 3224),
(2506, 2497, NULL, NULL, 'obtenerDatosModelosAjenos', 3225, 3226),
(2507, 2497, NULL, NULL, 'exportarEjecutar', 3227, 3228),
(2508, 2497, NULL, NULL, 'exportarMostrar', 3229, 3230),
(2509, 2497, NULL, NULL, 'configurarModulo', 3231, 3232),
(2510, 2497, NULL, NULL, 'configurarModuloGuardar', 3233, 3234),
(2511, 271, 'Menu', 103, NULL, 857, 858),
(2512, 1, NULL, NULL, 'Pruebas', 3236, 3263),
(2513, 2512, NULL, NULL, 'index', 3237, 3238),
(2514, 2512, NULL, NULL, 'add', 3239, 3240),
(2515, 2512, NULL, NULL, 'create', 3241, 3242),
(2516, 2512, NULL, NULL, 'edit', 3243, 3244),
(2517, 2512, NULL, NULL, 'update', 3245, 3246),
(2518, 2512, NULL, NULL, 'delete', 3247, 3248),
(2519, 2512, NULL, NULL, 'js', 3249, 3250),
(2520, 2512, NULL, NULL, 'obtenerDisplayfields', 3251, 3252),
(2521, 2512, NULL, NULL, 'obtenerDatosModelosAjenos', 3253, 3254),
(2522, 2512, NULL, NULL, 'exportarEjecutar', 3255, 3256),
(2523, 2512, NULL, NULL, 'exportarMostrar', 3257, 3258),
(2524, 2512, NULL, NULL, 'configurarModulo', 3259, 3260),
(2525, 2512, NULL, NULL, 'configurarModuloGuardar', 3261, 3262);

-- --------------------------------------------------------

--
-- Table structure for table `aros`
--

CREATE TABLE IF NOT EXISTS `aros` (
  `id` int(10) NOT NULL AUTO_INCREMENT,
  `parent_id` int(10) DEFAULT NULL,
  `model` varchar(255) DEFAULT NULL,
  `foreign_key` int(10) DEFAULT NULL,
  `alias` varchar(255) DEFAULT NULL,
  `lft` int(10) DEFAULT NULL,
  `rght` int(10) DEFAULT NULL,
  PRIMARY KEY (`id`)
) ENGINE=InnoDB  DEFAULT CHARSET=latin1 AUTO_INCREMENT=7 ;

--
-- Dumping data for table `aros`
--

INSERT INTO `aros` (`id`, `parent_id`, `model`, `foreign_key`, `alias`, `lft`, `rght`) VALUES
(1, NULL, 'Grupo', 1, NULL, 1, 2),
(2, NULL, 'Usuario', 1, NULL, 2, 1),
(3, NULL, 'Grupo', 2, NULL, 3, 6),
(4, 3, 'Usuario', 2, NULL, 4, 5),
(5, NULL, 'Grupo', 3, NULL, 7, 10),
(6, 5, 'Usuario', 3, NULL, 8, 9);

-- --------------------------------------------------------

--
-- Table structure for table `aros_acos`
--

CREATE TABLE IF NOT EXISTS `aros_acos` (
  `id` int(10) NOT NULL AUTO_INCREMENT,
  `aro_id` int(10) NOT NULL,
  `aco_id` int(10) NOT NULL,
  `create_` varchar(2) NOT NULL DEFAULT '0',
  `read_` varchar(2) NOT NULL DEFAULT '0',
  `update_` varchar(2) NOT NULL DEFAULT '0',
  `delete_` varchar(2) NOT NULL DEFAULT '0',
  PRIMARY KEY (`id`),
  UNIQUE KEY `ARO_ACO_KEY` (`aro_id`,`aco_id`)
) ENGINE=InnoDB  DEFAULT CHARSET=latin1 AUTO_INCREMENT=286 ;

--
-- Dumping data for table `aros_acos`
--

INSERT INTO `aros_acos` (`id`, `aro_id`, `aco_id`, `create_`, `read_`, `update_`, `delete_`) VALUES
(1, 1, 1, '1', '1', '1', '1'),
(204, 3, 78, '1', '1', '1', '1'),
(205, 3, 79, '1', '1', '1', '1'),
(206, 3, 81, '1', '1', '1', '1'),
(207, 3, 82, '1', '1', '1', '1'),
(208, 3, 83, '1', '1', '1', '1'),
(209, 3, 84, '1', '1', '1', '1'),
(210, 3, 85, '1', '1', '1', '1'),
(211, 3, 86, '1', '1', '1', '1'),
(212, 3, 87, '1', '1', '1', '1'),
(213, 3, 100, '1', '1', '1', '1'),
(214, 3, 101, '1', '1', '1', '1'),
(215, 3, 127, '1', '1', '1', '1'),
(216, 3, 129, '1', '1', '1', '1'),
(217, 3, 130, '1', '1', '1', '1'),
(218, 3, 131, '1', '1', '1', '1'),
(219, 3, 136, '1', '1', '1', '1'),
(220, 3, 167, '1', '1', '1', '1'),
(221, 3, 168, '1', '1', '1', '1'),
(222, 3, 178, '1', '1', '1', '1'),
(223, 3, 179, '1', '1', '1', '1'),
(224, 3, 180, '1', '1', '1', '1'),
(225, 3, 182, '1', '1', '1', '1'),
(226, 3, 183, '1', '1', '1', '1'),
(227, 3, 184, '1', '1', '1', '1'),
(228, 3, 186, '1', '1', '1', '1'),
(229, 3, 187, '1', '1', '1', '1'),
(230, 3, 192, '1', '1', '1', '1'),
(231, 3, 193, '1', '1', '1', '1'),
(232, 3, 194, '1', '1', '1', '1'),
(233, 3, 206, '1', '1', '1', '1'),
(234, 3, 214, '1', '1', '1', '1'),
(235, 3, 215, '1', '1', '1', '1'),
(236, 3, 216, '1', '1', '1', '1'),
(237, 3, 1412, '1', '1', '1', '1'),
(238, 3, 1413, '1', '1', '1', '1'),
(239, 3, 289, '1', '1', '1', '1'),
(240, 5, 67, '1', '1', '1', '1'),
(241, 5, 69, '1', '1', '1', '1'),
(242, 5, 70, '1', '1', '1', '1'),
(243, 5, 71, '1', '1', '1', '1'),
(244, 5, 77, '1', '1', '1', '1'),
(245, 5, 78, '1', '1', '1', '1'),
(246, 5, 79, '1', '1', '1', '1'),
(247, 5, 81, '1', '1', '1', '1'),
(248, 5, 82, '1', '1', '1', '1'),
(249, 5, 83, '1', '1', '1', '1'),
(250, 5, 84, '1', '1', '1', '1'),
(251, 5, 85, '1', '1', '1', '1'),
(252, 5, 86, '1', '1', '1', '1'),
(253, 5, 87, '1', '1', '1', '1'),
(254, 5, 89, '1', '1', '1', '1'),
(255, 5, 91, '1', '1', '1', '1'),
(256, 5, 92, '1', '1', '1', '1'),
(257, 5, 93, '1', '1', '1', '1'),
(258, 5, 99, '1', '1', '1', '1'),
(259, 5, 100, '1', '1', '1', '1'),
(260, 5, 101, '1', '1', '1', '1'),
(261, 5, 127, '1', '1', '1', '1'),
(262, 5, 129, '1', '1', '1', '1'),
(263, 5, 130, '1', '1', '1', '1'),
(264, 5, 131, '1', '1', '1', '1'),
(265, 5, 136, '1', '1', '1', '1'),
(266, 5, 167, '1', '1', '1', '1'),
(267, 5, 168, '1', '1', '1', '1'),
(268, 5, 178, '1', '1', '1', '1'),
(269, 5, 179, '1', '1', '1', '1'),
(270, 5, 180, '1', '1', '1', '1'),
(271, 5, 182, '1', '1', '1', '1'),
(272, 5, 183, '1', '1', '1', '1'),
(273, 5, 184, '1', '1', '1', '1'),
(274, 5, 186, '1', '1', '1', '1'),
(275, 5, 187, '1', '1', '1', '1'),
(276, 5, 192, '1', '1', '1', '1'),
(277, 5, 193, '1', '1', '1', '1'),
(278, 5, 194, '1', '1', '1', '1'),
(279, 5, 206, '1', '1', '1', '1'),
(280, 5, 214, '1', '1', '1', '1'),
(281, 5, 215, '1', '1', '1', '1'),
(282, 5, 216, '1', '1', '1', '1'),
(283, 5, 1412, '1', '1', '1', '1'),
(284, 5, 1413, '1', '1', '1', '1'),
(285, 5, 289, '1', '1', '1', '1');

-- --------------------------------------------------------

--
-- Table structure for table `auditorias`
--

CREATE TABLE IF NOT EXISTS `auditorias` (
  `id` int(11) NOT NULL AUTO_INCREMENT,
  `usuario` varchar(256) COLLATE latin1_spanish_ci DEFAULT NULL,
  `modulo` varchar(256) COLLATE latin1_spanish_ci DEFAULT NULL,
  `accion` varchar(11) COLLATE latin1_spanish_ci DEFAULT NULL,
  `parametros` longtext COLLATE latin1_spanish_ci,
  `created` datetime NOT NULL,
  PRIMARY KEY (`id`)
) ENGINE=MyISAM  DEFAULT CHARSET=latin1 COLLATE=latin1_spanish_ci AUTO_INCREMENT=25 ;

--
-- Dumping data for table `auditorias`
--

INSERT INTO `auditorias` (`id`, `usuario`, `modulo`, `accion`, `parametros`, `created`) VALUES
(1, 'admin', 'Demos', 'index', '---\nlimit: 10\nconditions: [ ]\norder:\n  Demo.id: DESC\n', '2015-03-26 13:46:20'),
(2, 'admin', 'Demos', 'create', '23', '2015-03-26 13:46:37'),
(3, 'admin', 'Demos', 'index', '---\nlimit: 10\nconditions: [ ]\norder:\n  Demo.id: DESC\n', '2015-03-26 13:46:37'),
(4, 'admin', 'Demos', 'index', '---\nlimit: 10\nconditions: [ ]\norder:\n  Demo.id: DESC\n', '2015-03-26 13:46:46'),
(5, 'admin', 'Demos', 'delete', '22', '2015-03-26 13:46:49'),
(6, 'admin', 'Demos', 'index', '---\nlimit: 10\nconditions: [ ]\norder:\n  Demo.id: DESC\n', '2015-03-26 13:46:49'),
(7, 'admin', 'Demos', 'index', '---\nlimit: 10\nconditions: [ ]\norder:\n  Demo.id: DESC\n', '2015-03-26 13:48:50'),
(8, 'admin', 'Demos', 'index', '---\nlimit: 10\nconditions: [ ]\norder:\n  Demo.id: DESC\n', '2016-11-22 10:01:42'),
(9, 'admin', 'Demos', 'index', '---\nlimit: 10\nconditions: [ ]\norder:\n  Demo.id: DESC\n', '2016-11-22 10:01:43'),
(10, 'admin', 'Demos', 'index', '---\nlimit: 10\nconditions: [ ]\norder:\n  Demo.id: DESC\n', '2016-11-22 10:01:44'),
(11, 'admin', 'Demos', 'index', '---\nlimit: 10\nconditions: [ ]\norder:\n  Demo.id: DESC\n', '2016-11-22 10:01:45'),
(12, 'admin', 'Demos', 'index', '---\nlimit: 10\nconditions: [ ]\norder:\n  Demo.id: DESC\n', '2016-11-22 10:01:46'),
(13, 'admin', 'Demos', 'index', '---\nlimit: 10\nconditions: [ ]\norder:\n  Demo.id: DESC\n', '2016-11-22 10:01:46'),
(14, 'admin', 'Demos', 'index', '---\nlimit: 10\nconditions: [ ]\norder:\n  Demo.id: DESC\n', '2016-11-22 10:01:47'),
(15, 'admin', 'Demos', 'index', '---\nlimit: 10\nconditions: [ ]\norder:\n  Demo.id: DESC\n', '2016-11-22 10:02:07'),
(16, 'admin', 'Demos', 'index', '---\nlimit: 10\nconditions: [ ]\norder:\n  Demo.id: DESC\n', '2016-11-22 10:02:07'),
(17, 'admin', 'Demos', 'index', '---\nlimit: 10\nconditions: [ ]\norder:\n  Demo.id: DESC\n', '2016-11-22 10:02:08'),
(18, 'admin', 'Demos', 'index', '---\nlimit: 10\nconditions: [ ]\norder:\n  Demo.id: DESC\n', '2016-11-22 10:02:08'),
(19, 'admin', 'Demos', 'index', '---\nlimit: 10\nconditions: [ ]\norder:\n  Demo.id: DESC\n', '2016-11-22 10:02:09'),
(20, 'admin', 'Demos', 'index', '---\nlimit: 10\nconditions: [ ]\norder:\n  Demo.id: DESC\n', '2016-11-22 10:02:09'),
(21, 'admin', 'Demos', 'index', '---\nlimit: 10\nconditions: [ ]\norder:\n  Demo.id: DESC\n', '2016-11-22 10:02:09'),
(22, 'admin', 'Demos', 'index', '---\nlimit: 10\nconditions: [ ]\norder:\n  Demo.id: DESC\n', '2016-11-22 10:02:10'),
(23, 'admin', 'Demos', 'index', '---\nlimit: 10\nconditions: [ ]\norder:\n  Demo.id: DESC\n', '2016-11-22 10:02:10'),
(24, 'admin', 'Demos', 'index', '---\nlimit: 10\nconditions: [ ]\norder:\n  Demo.id: DESC\n', '2016-11-22 10:02:11');

-- --------------------------------------------------------

--
-- Table structure for table `condiciones`
--

CREATE TABLE IF NOT EXISTS `condiciones` (
  `id` int(11) NOT NULL AUTO_INCREMENT,
  `campo` varchar(256) NOT NULL,
  `comparador` varchar(256) NOT NULL,
  `contenido` varchar(256) NOT NULL,
  `filtro_id` int(11) NOT NULL,
  PRIMARY KEY (`id`)
) ENGINE=InnoDB DEFAULT CHARSET=latin1 AUTO_INCREMENT=1 ;

-- --------------------------------------------------------

--
-- Table structure for table `demos`
--

CREATE TABLE IF NOT EXISTS `demos` (
  `id` int(11) NOT NULL AUTO_INCREMENT,
  `nombre` varchar(20) NOT NULL,
  `simpletext` varchar(10) DEFAULT NULL,
  `fecha` date NOT NULL,
  `numero` int(11) DEFAULT NULL,
  `decimal` decimal(10,2) NOT NULL,
  `booleano` tinyint(1) NOT NULL DEFAULT '0',
  `texto` longtext,
  `grupo_id` int(11) NOT NULL,
  `usuario_id` int(11) DEFAULT NULL,
  `menu_id` int(11) DEFAULT NULL,
  `prueba` int(2) DEFAULT NULL,
  `datetime` datetime DEFAULT NULL,
  PRIMARY KEY (`id`)
) ENGINE=InnoDB  DEFAULT CHARSET=latin1 AUTO_INCREMENT=36 ;

--
-- Dumping data for table `demos`
--

INSERT INTO `demos` (`id`, `nombre`, `simpletext`, `fecha`, `numero`, `decimal`, `booleano`, `texto`, `grupo_id`, `usuario_id`, `menu_id`, `prueba`, `datetime`) VALUES
(1, 'nombrñññe1', 'texto simp', '2013-01-26', 4, '99999999.99', 1, '444', 3, 1, 1, 0, '2013-01-26 12:22:00'),
(3, '333', 'uu3ccc', '2015-02-18', 3333, '30.00', 1, '33', 0, 0, 0, 0, NULL),
(23, 'dfd', 'fdfd', '0000-00-00', 0, '123230.00', 1, 'wewe', 1, 1, 11, 23, NULL),
(24, 'popol', 'aaaaa', '0000-00-00', 0, '0.00', 0, 'aaaaa', 1, 1, 11, 0, NULL),
(25, '', 'd', '0000-00-00', 0, '0.00', 0, 'd', 1, 1, 6, 0, NULL),
(26, 'ddd', 'ddd', '0000-00-00', 0, '0.00', 0, 'dd', 1, 1, 11, 0, NULL),
(27, 'zxcvzxxdv', 'dddddddddd', '0000-00-00', 0, '0.00', 0, 'dddddddd', 1, 1, 11, 0, NULL),
(28, 'aaa', 'zzzz', '0000-00-00', 0, '0.00', 0, 'zzzz', 3, 3, 9, 0, NULL),
(29, 'a', 'a', '0000-00-00', 3, '3.00', 1, '3', 3, 3, 5, 3, NULL),
(30, 'dfd', 'fdfd', '2016-11-16', 0, '123230.00', 0, 'wewe', 1, 1, 11, 23, '1970-01-01 00:00:00'),
(31, 'h', 'aaaaa requ', '2016-11-13', 0, '0.00', 1, 'aaaaa required', 1, 1, 11, 0, '1970-01-01 00:00:00');

-- --------------------------------------------------------

--
-- Table structure for table `demos_pruebas`
--

CREATE TABLE IF NOT EXISTS `demos_pruebas` (
  `id` int(11) NOT NULL AUTO_INCREMENT,
  `demo_id` int(11) NOT NULL,
  `prueba_id` int(11) NOT NULL,
  `cantidad` int(3) NOT NULL,
  `fecha` date NOT NULL,
  PRIMARY KEY (`id`)
) ENGINE=InnoDB  DEFAULT CHARSET=latin1 AUTO_INCREMENT=22 ;

--
-- Dumping data for table `demos_pruebas`
--

INSERT INTO `demos_pruebas` (`id`, `demo_id`, `prueba_id`, `cantidad`, `fecha`) VALUES
(20, 1, 1, 11, '2015-02-16'),
(21, 1, 2, 22, '2015-02-09');

-- --------------------------------------------------------

--
-- Table structure for table `filtros`
--

CREATE TABLE IF NOT EXISTS `filtros` (
  `id` int(11) NOT NULL AUTO_INCREMENT,
  `modelo` varchar(256) NOT NULL,
  `titulo` varchar(256) NOT NULL,
  `tipo_condicion` varchar(256) NOT NULL,
  `created` datetime DEFAULT NULL,
  `modified` datetime DEFAULT NULL,
  PRIMARY KEY (`id`)
) ENGINE=InnoDB DEFAULT CHARSET=latin1 AUTO_INCREMENT=1 ;

-- --------------------------------------------------------

--
-- Table structure for table `grupos`
--

CREATE TABLE IF NOT EXISTS `grupos` (
  `id` int(10) unsigned NOT NULL AUTO_INCREMENT,
  `nombre` varchar(50) COLLATE latin1_spanish_ci NOT NULL,
  `descripcion` varchar(250) COLLATE latin1_spanish_ci DEFAULT NULL,
  `created` datetime DEFAULT NULL,
  `modified` datetime DEFAULT NULL,
  PRIMARY KEY (`id`)
) ENGINE=InnoDB  DEFAULT CHARSET=latin1 COLLATE=latin1_spanish_ci AUTO_INCREMENT=4 ;

--
-- Dumping data for table `grupos`
--

INSERT INTO `grupos` (`id`, `nombre`, `descripcion`, `created`, `modified`) VALUES
(1, 'Administradores', '', '2013-01-08 08:42:32', '2013-02-04 10:13:47'),
(2, 'Usuarios', '', '2013-09-24 12:00:59', '2013-09-24 12:00:59'),
(3, 'Coordinadores', '', '2013-09-24 12:08:06', '2013-09-24 12:08:06');

-- --------------------------------------------------------

--
-- Table structure for table `historicos`
--

CREATE TABLE IF NOT EXISTS `historicos` (
  `id` int(11) NOT NULL AUTO_INCREMENT,
  `usuario` varchar(256) COLLATE latin1_spanish_ci DEFAULT NULL,
  `modulo` varchar(256) COLLATE latin1_spanish_ci DEFAULT NULL,
  `accion` varchar(11) COLLATE latin1_spanish_ci DEFAULT NULL,
  `datos_antiguo` longtext COLLATE latin1_spanish_ci,
  `created` datetime NOT NULL,
  PRIMARY KEY (`id`)
) ENGINE=MyISAM  DEFAULT CHARSET=latin1 COLLATE=latin1_spanish_ci AUTO_INCREMENT=2 ;

--
-- Dumping data for table `historicos`
--

INSERT INTO `historicos` (`id`, `usuario`, `modulo`, `accion`, `datos_antiguo`, `created`) VALUES
(1, 'admin', 'Demos', 'delete', '---\nid: 22\nnombre: 22ppp\nsimpletext: gy\nfecha: 2014-12-09\nnumero: 56\ndecimal: 49.99\nbooleano: false\ntexto: 2\ngrupo_id: 1\nusuario_id: 1\nmenu_id: 6\nprueba: 22\ndatetime: 2015-03-07 17:35:04\n', '2015-03-26 13:46:49');

-- --------------------------------------------------------

--
-- Table structure for table `informes`
--

CREATE TABLE IF NOT EXISTS `informes` (
  `id` int(11) NOT NULL AUTO_INCREMENT,
  `nombre` varchar(250) NOT NULL,
  `report` varchar(100) NOT NULL,
  `informestipo_id` int(11) DEFAULT NULL,
  `constructor_id` int(11) DEFAULT '0',
  `grupo_id` int(11) DEFAULT '4',
  PRIMARY KEY (`id`)
) ENGINE=MyISAM  DEFAULT CHARSET=latin1 AUTO_INCREMENT=4 ;

--
-- Dumping data for table `informes`
--

INSERT INTO `informes` (`id`, `nombre`, `report`, `informestipo_id`, `constructor_id`, `grupo_id`) VALUES
(1, 'Listado de errores', 'listadoErrores', 1, 0, 0);

-- --------------------------------------------------------

--
-- Table structure for table `informestipos`
--

CREATE TABLE IF NOT EXISTS `informestipos` (
  `id` int(11) NOT NULL AUTO_INCREMENT,
  `nombre` varchar(100) NOT NULL,
  PRIMARY KEY (`id`)
) ENGINE=MyISAM  DEFAULT CHARSET=latin1 AUTO_INCREMENT=4 ;

--
-- Dumping data for table `informestipos`
--

INSERT INTO `informestipos` (`id`, `nombre`) VALUES
(1, 'Listados'),
(2, 'Cartas'),
(3, 'Etiquetas');

-- --------------------------------------------------------

--
-- Table structure for table `menus`
--

CREATE TABLE IF NOT EXISTS `menus` (
  `id` int(11) NOT NULL AUTO_INCREMENT,
  `titulo` varchar(255) COLLATE latin1_spanish_ci NOT NULL,
  `menu_id` int(11) NOT NULL DEFAULT '0',
  `estado` varchar(32) COLLATE latin1_spanish_ci NOT NULL DEFAULT 'Activo',
  `controlador` varchar(255) CHARACTER SET utf8 COLLATE utf8_unicode_ci NOT NULL DEFAULT '',
  `accion` varchar(255) CHARACTER SET utf8 COLLATE utf8_unicode_ci NOT NULL DEFAULT '',
  `orden` int(11) NOT NULL DEFAULT '0',
  `ruta` varchar(256) COLLATE latin1_spanish_ci NOT NULL DEFAULT '',
  `icono` varchar(256) COLLATE latin1_spanish_ci DEFAULT NULL,
  PRIMARY KEY (`id`)
) ENGINE=InnoDB  DEFAULT CHARSET=latin1 COLLATE=latin1_spanish_ci AUTO_INCREMENT=104 ;

--
-- Dumping data for table `menus`
--

INSERT INTO `menus` (`id`, `titulo`, `menu_id`, `estado`, `controlador`, `accion`, `orden`, `ruta`, `icono`) VALUES
(1, 'Sistema', 0, 'Activo', '', '', 0, '>Sistema', 'fa fa-sitemap'),
(2, 'Grupos', 6, 'Activo', 'grupos', 'index', 5, '>Sistema>Administración>Grupos', 'fa fa-group'),
(3, 'Usuarios', 6, 'Activo', 'usuarios', 'index', 6, '>Sistema>Administración>Usuarios', 'fa fa-user '),
(4, 'Menus', 5, 'Activo', 'menus', 'index', 3, '>Sistema>Configuración>Menus', 'fa fa-list-alt'),
(5, 'Configuración', 1, 'Activo', '', '', 0, '>Sistema>Configuración', 'fa fa-cog'),
(6, 'Administración', 1, 'Activo', '', '', 1, '>Sistema>Administración', 'fa fa-user'),
(7, 'Herramientas', 1, 'Activo', '', '', 2, '>Sistema>Herramientas', 'fa fa-wrench '),
(8, 'Configuraciones', 5, 'Activo', 'configuraciones', 'edit/1', 0, '>Sistema>Configuración>Configuraciones', 'fa fa-cogs'),
(10, 'Constructor', 5, 'Activo', 'constructores', 'index', 2, '>Sistema>Configuración>Constructor', 'fa fa-magic'),
(11, 'Accesos', 7, 'Activo', 'accesos', 'index', 9, '>Sistema>Herramientas>Accesos', 'fa fa-key'),
(12, 'Permisos', 6, 'Activo', 'permisos', 'index', 4, '>Sistema>Administración>Permisos', 'fa fa-lock'),
(14, 'Históricos', 7, 'Activo', 'historicos', 'index', 0, '>Sistema>Herramientas>Históricos', 'fa fa-database'),
(15, 'Consultas SQL', 7, 'Activo', 'consultas', 'index', 7, '>Sistema>Herramientas>Consultas SQL', 'fa fa-bolt'),
(16, 'Auditorias', 7, 'Activo', 'auditorias', 'index', 8, '>Sistema>Herramientas>Auditorias', 'fa fa-life-saver'),
(18, 'Informes', 0, 'Activo', 'informes', 'index', 20, '>Informes', NULL),
(102, 'Demos', 0, 'Activo', 'demos', 'index', 1, '>Demos', NULL),
(103, 'Pruebas', 0, 'Activo', 'pruebas', 'index', 1, '>Pruebas', NULL);

-- --------------------------------------------------------

--
-- Table structure for table `pruebas`
--

CREATE TABLE IF NOT EXISTS `pruebas` (
  `id` int(11) NOT NULL AUTO_INCREMENT,
  `nombre` varchar(256) NOT NULL,
  `descripcion` text NOT NULL,
  PRIMARY KEY (`id`)
) ENGINE=InnoDB  DEFAULT CHARSET=latin1 AUTO_INCREMENT=110 ;

--
-- Dumping data for table `pruebas`
--

INSERT INTO `pruebas` (`id`, `nombre`, `descripcion`) VALUES
(5, 'aaaa', 'aaaa'),
(6, 'bb', 'bb'),
(7, 'ff', 'dd'),
(8, 'xcxcxc', 'cxcxc'),
(61, 'e', 'e'),
(62, 'e', 'e'),
(63, 'f', 'f'),
(66, 'rr', 'rr'),
(68, 'f', 'f'),
(69, 'ff', 'f'),
(70, 'fg', 'gf'),
(71, 'fg', 'fg'),
(72, 'dfdd', 'd'),
(73, 't', 't'),
(74, 'ss', 's'),
(75, 'e', 'e'),
(76, 'e', 'e'),
(77, 'e', 'e'),
(78, 'r', 'r'),
(79, 'ff', 'ff'),
(80, 'rr', 'rr'),
(81, 'h', 'h'),
(82, 'f', 'f'),
(83, 'f', 'f'),
(84, 'e', 'e'),
(85, 'e', 'e'),
(87, 'e', 'e'),
(88, 't', 'r'),
(89, 'g', 'g'),
(90, 'e', 'e'),
(91, 'ghfg', 'g'),
(92, 'g', 'g'),
(93, 'g', 'g');

-- --------------------------------------------------------

--
-- Table structure for table `usuarios`
--

CREATE TABLE IF NOT EXISTS `usuarios` (
  `id` int(10) NOT NULL AUTO_INCREMENT,
  `username` varchar(255) COLLATE latin1_spanish_ci NOT NULL,
  `password` varchar(255) COLLATE latin1_spanish_ci NOT NULL,
  `grupo_id` int(11) NOT NULL,
  `nombre` varchar(40) COLLATE latin1_spanish_ci NOT NULL,
  `apellido1` varchar(30) COLLATE latin1_spanish_ci NOT NULL,
  `apellido2` varchar(30) COLLATE latin1_spanish_ci NOT NULL,
  `nif` varchar(9) COLLATE latin1_spanish_ci DEFAULT NULL,
  `direccion_general` varchar(60) COLLATE latin1_spanish_ci DEFAULT NULL,
  `unidad` varchar(60) COLLATE latin1_spanish_ci DEFAULT NULL,
  `puesto` varchar(20) COLLATE latin1_spanish_ci DEFAULT NULL,
  `email` varchar(120) COLLATE latin1_spanish_ci DEFAULT NULL,
  `created` datetime DEFAULT NULL,
  `modified` datetime DEFAULT NULL,
  PRIMARY KEY (`id`),
  UNIQUE KEY `username` (`username`)
) ENGINE=InnoDB  DEFAULT CHARSET=latin1 COLLATE=latin1_spanish_ci AUTO_INCREMENT=4 ;

--
-- Dumping data for table `usuarios`
--

INSERT INTO `usuarios` (`id`, `username`, `password`, `grupo_id`, `nombre`, `apellido1`, `apellido2`, `nif`, `direccion_general`, `unidad`, `puesto`, `email`, `created`, `modified`) VALUES
(1, 'admin', 'd033e22ae348aeb5660fc2140aec35850c4da997', 1, 'Administrador', '(Soporte Técnico)', '', '', '', '', '', '', '2013-01-08 08:43:29', '2013-01-08 08:43:29'),
(2, 'usuario', 'b665e217b51994789b02b1838e730d6b93baa30f', 2, 'Usuario', 'Usuario', 'Usuario', '', NULL, NULL, NULL, '', '2013-09-24 12:02:09', '2014-05-27 11:34:47'),
(3, 'coordinador', '42bea22b398bc040399762985d8847f6e48601ba', 3, 'Coordinador', 'Coordinador', 'Coordinador', '', NULL, NULL, NULL, '', '2013-09-24 12:08:37', '2014-05-27 11:34:56');

/*!40101 SET CHARACTER_SET_CLIENT=@OLD_CHARACTER_SET_CLIENT */;
/*!40101 SET CHARACTER_SET_RESULTS=@OLD_CHARACTER_SET_RESULTS */;
/*!40101 SET COLLATION_CONNECTION=@OLD_COLLATION_CONNECTION */;
